Record Length,2500,Points,0.0,16.0000008E-3,
Sample Interval,1.0000000E-3,s,1.0000000E-3,8.000000380E-3,
Trigger Point,0.0,Samples,2.0000001E-3,16.0000008E-3,
,,,3.00000003E-3,8.000000380E-3,
,,,4.00000019E-3,16.0000008E-3,
,,,5.00000035E-3,8.000000380E-3,
Source,CH2,,6.00000005E-3,8.000000380E-3,
Vertical Units,Volts,,7.00000022E-3,0.0,
Vertical Scale,200.00000950E-3,,8.000000380E-3,24.00000021E-3,
Vertical Offset,0,,9.000000544E-3,24.00000021E-3,
Horizontal Units,s,,10.0000007E-3,32.00000152E-3,
Horizontal Scale,250.00001187E-3,,11.0000009E-3,40.00000283E-3,
Pt Fmt,Y,,12.0000001E-3,40.00000283E-3,
Yzero,-1.1200000,,13.0000003E-3,48.00000042E-3,
Probe Atten,10.0000000,,14.0000004E-3,56.000001729E-3,
,,,15.0000006E-3,56.000001729E-3,
Note,TBS 1104 - 4:28:00 PM   8/13/2018,,16.0000008E-3,56.000001729E-3,
,,,17.0000009E-3,32.00000152E-3,
,,,18.0000011E-3,32.00000152E-3,
,,,19.0000013E-3,24.00000021E-3,
,,,20.0000014E-3,32.00000152E-3,
,,,21.00000158E-3,8.000000380E-3,
,,,22.00000174E-3,8.000000380E-3,
,,,23.00000191E-3,16.0000008E-3,
,,,24.00000021E-3,8.000000380E-3,
,,,25.00000037E-3,8.000000380E-3,
,,,26.00000054E-3,8.000000380E-3,
,,,27.00000070E-3,8.000000380E-3,
,,,28.00000086E-3,8.000000380E-3,
,,,29.00000103E-3,8.000000380E-3,
,,,30.00000119E-3,0.0,
,,,31.00000136E-3,8.000000380E-3,
,,,32.00000152E-3,8.000000380E-3,
,,,32.99999982E-3,8.000000380E-3,
,,,34.00000185E-3,8.000000380E-3,
,,,35.00000015E-3,8.000000380E-3,
,,,36.00000218E-3,8.000000380E-3,
,,,37.00000048E-3,-8.000000380E-3,
,,,38.00000250E-3,8.000000380E-3,
,,,39.00000080E-3,0.0,
,,,40.00000283E-3,8.000000380E-3,
,,,41.00000113E-3,8.000000380E-3,
,,,42.00000316E-3,8.000000380E-3,
,,,43.00000146E-3,0.0,
,,,44.00000349E-3,8.000000380E-3,
,,,45.00000179E-3,8.000000380E-3,
,,,46.00000381E-3,0.0,
,,,47.00000212E-3,0.0,
,,,48.00000042E-3,8.000000380E-3,
,,,49.00000244E-3,0.0,
,,,50.00000075E-3,8.000000380E-3,
,,,51.00000277E-3,0.0,
,,,52.00000107E-3,8.000000380E-3,
,,,53.00000310E-3,-8.000000380E-3,
,,,54.00000140E-3,8.000000380E-3,
,,,55.000003427E-3,8.000000380E-3,
,,,56.000001729E-3,8.000000380E-3,
,,,57.000003755E-3,0.0,
,,,58.000002056E-3,8.000000380E-3,
,,,59.000004083E-3,8.000000380E-3,
,,,60.000002384E-3,8.000000380E-3,
,,,61.000004411E-3,8.000000380E-3,
,,,62.000002712E-3,8.000000380E-3,
,,,63.000001013E-3,0.0,
,,,64.000003040E-3,16.0000008E-3,
,,,65.000005066E-3,8.000000380E-3,
,,,65.999999642E-3,8.000000380E-3,
,,,67.000001669E-3,8.000000380E-3,
,,,68.000003695E-3,8.000000380E-3,
,,,69.000005722E-3,16.0000008E-3,
,,,70.000000298E-3,16.0000008E-3,
,,,71.000002325E-3,0.0,
,,,72.000004351E-3,32.00000152E-3,
,,,73.000006378E-3,8.000000380E-3,
,,,74.000000954E-3,16.0000008E-3,
,,,75.000002980E-3,8.000000380E-3,
,,,76.000005007E-3,8.000000380E-3,
,,,77.000007033E-3,16.0000008E-3,
,,,78.000001609E-3,16.0000008E-3,
,,,79.000003636E-3,16.0000008E-3,
,,,80.000005662E-3,16.0000008E-3,
,,,81.000000238E-3,16.0000008E-3,
,,,82.000002265E-3,16.0000008E-3,
,,,83.000004292E-3,16.0000008E-3,
,,,84.000006318E-3,16.0000008E-3,
,,,85.000000894E-3,16.0000008E-3,
,,,86.000002921E-3,32.00000152E-3,
,,,87.000004947E-3,16.0000008E-3,
,,,88.000006974E-3,32.00000152E-3,
,,,89.000001550E-3,32.00000152E-3,
,,,90.000003576E-3,40.00000283E-3,
,,,91.000005603E-3,40.00000283E-3,
,,,92.000007629E-3,40.00000283E-3,
,,,93.000002205E-3,56.000001729E-3,
,,,94.000004232E-3,56.000001729E-3,
,,,95.000006258E-3,64.000003040E-3,
,,,96.000000834E-3,72.000004351E-3,
,,,97.000002861E-3,80.000005662E-3,
,,,98.000004888E-3,96.000000834E-3,
,,,99.000006914E-3,88.000006974E-3,
,,,100.0000015E-3,112.0000035E-3,
,,,101.0000035E-3,128.0000061E-3,
,,,102.0000055E-3,-800.000011921E-3,
,,,103.0000076E-3,-800.000011921E-3,
,,,104.0000021E-3,-800.000011921E-3,
,,,105.0000042E-3,-800.000011921E-3,
,,,106.0000062E-3,-800.000011921E-3,
,,,107.0000082E-3,-800.000011921E-3,
,,,108.0000028E-3,-800.000011921E-3,
,,,109.0000048E-3,-800.000011921E-3,
,,,110.0000069E-3,-800.000011921E-3,
,,,111.0000089E-3,-800.000011921E-3,
,,,112.0000035E-3,-800.000011921E-3,
,,,113.0000055E-3,-800.000011921E-3,
,,,114.0000075E-3,-800.000011921E-3,
,,,115.0000021E-3,-800.000011921E-3,
,,,116.0000041E-3,-800.000011921E-3,
,,,117.0000061E-3,-800.000011921E-3,
,,,118.0000082E-3,-800.000011921E-3,
,,,119.0000027E-3,-800.000011921E-3,
,,,120.0000048E-3,-800.000011921E-3,
,,,121.0000068E-3,-800.000011921E-3,
,,,122.0000088E-3,-800.000011921E-3,
,,,123.0000034E-3,-800.000011921E-3,
,,,124.0000054E-3,-800.000011921E-3,
,,,125.0000000E-3,-800.000011921E-3,
,,,126.0000020E-3,-800.000011921E-3,
,,,127.0000041E-3,-800.000011921E-3,
,,,128.0000061E-3,-800.000011921E-3,
,,,129.0000081E-3,-800.000011921E-3,
,,,130.0000101E-3,-800.000011921E-3,
,,,131.0000122E-3,-800.000011921E-3,
,,,131.9999993E-3,-800.000011921E-3,
,,,133.0000013E-3,-800.000011921E-3,
,,,134.0000033E-3,-800.000011921E-3,
,,,135.0000054E-3,-800.000011921E-3,
,,,136.0000074E-3,-800.000011921E-3,
,,,137.0000094E-3,-800.000011921E-3,
,,,138.0000114E-3,-800.000011921E-3,
,,,139.0000135E-3,-800.000011921E-3,
,,,140.0000006E-3,-800.000011921E-3,
,,,141.0000026E-3,-800.000011921E-3,
,,,142.0000046E-3,-800.000011921E-3,
,,,143.0000067E-3,-800.000011921E-3,
,,,144.0000087E-3,-800.000011921E-3,
,,,145.0000107E-3,-800.000011921E-3,
,,,146.0000128E-3,-800.000011921E-3,
,,,146.9999999E-3,-800.000011921E-3,
,,,148.0000019E-3,-800.000011921E-3,
,,,149.00000393E-3,-800.000011921E-3,
,,,150.00000596E-3,-800.000011921E-3,
,,,151.00000799E-3,-800.000011921E-3,
,,,152.00001001E-3,-800.000011921E-3,
,,,153.00001204E-3,-800.000011921E-3,
,,,154.00001407E-3,-800.000011921E-3,
,,,155.00000119E-3,-800.000011921E-3,
,,,156.00000322E-3,-800.000011921E-3,
,,,157.00000525E-3,-800.000011921E-3,
,,,158.00000727E-3,-800.000011921E-3,
,,,159.00000930E-3,-800.000011921E-3,
,,,160.00001132E-3,-800.000011921E-3,
,,,161.00001335E-3,-800.000011921E-3,
,,,162.00000048E-3,-800.000011921E-3,
,,,163.00000250E-3,-800.000011921E-3,
,,,164.00000453E-3,-800.000011921E-3,
,,,165.00000656E-3,-800.000011921E-3,
,,,166.00000858E-3,-800.000011921E-3,
,,,167.00001061E-3,-800.000011921E-3,
,,,168.00001264E-3,-800.000011921E-3,
,,,169.00001466E-3,-800.000011921E-3,
,,,170.00000179E-3,-800.000011921E-3,
,,,171.00000381E-3,-800.000011921E-3,
,,,172.00000584E-3,-800.000011921E-3,
,,,173.00000787E-3,-800.000011921E-3,
,,,174.00000989E-3,-800.000011921E-3,
,,,175.00001192E-3,-800.000011921E-3,
,,,176.00001395E-3,-800.000011921E-3,
,,,177.00000107E-3,-800.000011921E-3,
,,,178.00000310E-3,-800.000011921E-3,
,,,179.00000513E-3,-800.000011921E-3,
,,,180.00000715E-3,-800.000011921E-3,
,,,181.00000918E-3,-800.000011921E-3,
,,,182.00001121E-3,-800.000011921E-3,
,,,183.00001323E-3,-800.000011921E-3,
,,,184.00001526E-3,-800.000011921E-3,
,,,185.00000238E-3,-800.000011921E-3,
,,,186.00000441E-3,-800.000011921E-3,
,,,187.00000644E-3,-800.000011921E-3,
,,,188.00000846E-3,-800.000011921E-3,
,,,189.00001049E-3,-800.000011921E-3,
,,,190.00001252E-3,-800.000011921E-3,
,,,191.00001454E-3,-800.000011921E-3,
,,,192.00000167E-3,-800.000011921E-3,
,,,193.00000370E-3,-800.000011921E-3,
,,,194.00000572E-3,-800.000011921E-3,
,,,195.00000775E-3,-800.000011921E-3,
,,,196.00000978E-3,-800.000011921E-3,
,,,197.00001180E-3,-800.000011921E-3,
,,,198.00001383E-3,-800.000011921E-3,
,,,199.00001585E-3,-800.000011921E-3,
,,,200.00000298E-3,-800.000011921E-3,
,,,201.00000501E-3,-800.000011921E-3,
,,,202.00000703E-3,-800.000011921E-3,
,,,203.00000906E-3,-800.000011921E-3,
,,,204.00001109E-3,-800.000011921E-3,
,,,205.00001311E-3,-800.000011921E-3,
,,,206.00001514E-3,-800.000011921E-3,
,,,207.00001717E-3,-800.000011921E-3,
,,,208.00000429E-3,-800.000011921E-3,
,,,209.00000632E-3,-800.000011921E-3,
,,,210.00000834E-3,-800.000011921E-3,
,,,211.00001037E-3,-800.000011921E-3,
,,,212.00001240E-3,-800.000011921E-3,
,,,213.00001442E-3,-800.000011921E-3,
,,,214.00001645E-3,-800.000011921E-3,
,,,215.00000358E-3,-800.000011921E-3,
,,,216.00000560E-3,-800.000011921E-3,
,,,217.00000763E-3,-800.000011921E-3,
,,,218.00000966E-3,-800.000011921E-3,
,,,219.00001168E-3,-800.000011921E-3,
,,,220.00001371E-3,-800.000011921E-3,
,,,221.00001574E-3,-800.000011921E-3,
,,,222.00001776E-3,-800.000011921E-3,
,,,223.00000489E-3,-800.000011921E-3,
,,,224.00000691E-3,-800.000011921E-3,
,,,225.00000894E-3,-800.000011921E-3,
,,,226.00001097E-3,-800.000011921E-3,
,,,227.00001299E-3,-800.000011921E-3,
,,,228.00001502E-3,-800.000011921E-3,
,,,229.00001705E-3,-800.000011921E-3,
,,,230.00000417E-3,-800.000011921E-3,
,,,231.00000620E-3,-800.000011921E-3,
,,,232.00000823E-3,-800.000011921E-3,
,,,233.00001025E-3,-800.000011921E-3,
,,,234.00001228E-3,-800.000011921E-3,
,,,235.00001431E-3,-800.000011921E-3,
,,,236.00001633E-3,-800.000011921E-3,
,,,237.00001836E-3,-800.000011921E-3,
,,,238.00000548E-3,-800.000011921E-3,
,,,239.00000751E-3,-800.000011921E-3,
,,,240.00000954E-3,-800.000011921E-3,
,,,241.00001156E-3,-800.000011921E-3,
,,,242.00001359E-3,-800.000011921E-3,
,,,243.00001562E-3,-800.000011921E-3,
,,,244.00001764E-3,-800.000011921E-3,
,,,245.00000477E-3,-800.000011921E-3,
,,,246.00000679E-3,-800.000011921E-3,
,,,247.00000882E-3,-800.000011921E-3,
,,,248.00001085E-3,-800.000011921E-3,
,,,249.00001287E-3,-800.000011921E-3,
,,,250.00000000E-3,-800.000011921E-3,
,,,251.00001693E-3,-800.000011921E-3,
,,,252.00000405E-3,-800.000011921E-3,
,,,253.00002098E-3,-800.000011921E-3,
,,,254.00000811E-3,-800.000011921E-3,
,,,255.00002503E-3,-800.000011921E-3,
,,,256.00001216E-3,-800.000011921E-3,
,,,256.99999928E-3,-800.000011921E-3,
,,,258.00001621E-3,-800.000011921E-3,
,,,259.00000334E-3,-800.000011921E-3,
,,,260.00002027E-3,-800.000011921E-3,
,,,261.00000739E-3,-800.000011921E-3,
,,,262.00002432E-3,-800.000011921E-3,
,,,263.00001144E-3,-800.000011921E-3,
,,,263.99999857E-3,-800.000011921E-3,
,,,265.00001550E-3,-800.000011921E-3,
,,,266.00000262E-3,-800.000011921E-3,
,,,267.00001955E-3,-800.000011921E-3,
,,,268.00000668E-3,-800.000011921E-3,
,,,269.00002360E-3,-800.000011921E-3,
,,,270.00001073E-3,-800.000011921E-3,
,,,271.00002766E-3,-800.000011921E-3,
,,,272.00001478E-3,-800.000011921E-3,
,,,273.00000191E-3,-800.000011921E-3,
,,,274.00001884E-3,-800.000011921E-3,
,,,275.00000596E-3,-800.000011921E-3,
,,,276.00002289E-3,-800.000011921E-3,
,,,277.00001001E-3,-800.000011921E-3,
,,,278.00002694E-3,-800.000011921E-3,
,,,279.00001407E-3,-800.000011921E-3,
,,,280.00000119E-3,-800.000011921E-3,
,,,281.00001812E-3,-800.000011921E-3,
,,,282.00000525E-3,-800.000011921E-3,
,,,283.00002217E-3,-800.000011921E-3,
,,,284.00000930E-3,-800.000011921E-3,
,,,285.00002623E-3,-800.000011921E-3,
,,,286.00001335E-3,-800.000011921E-3,
,,,287.00000048E-3,-800.000011921E-3,
,,,288.00001740E-3,-800.000011921E-3,
,,,289.00000453E-3,-800.000011921E-3,
,,,290.00002146E-3,-800.000011921E-3,
,,,291.00000858E-3,-800.000011921E-3,
,,,292.00002551E-3,-800.000011921E-3,
,,,293.00001264E-3,-800.000011921E-3,
,,,293.99999976E-3,-800.000011921E-3,
,,,295.00001669E-3,-800.000011921E-3,
,,,296.00000381E-3,-800.000011921E-3,
,,,297.00002074E-3,-800.000011921E-3,
,,,298.00000787E-3,-800.000011921E-3,
,,,299.00002480E-3,-800.000011921E-3,
,,,300.00001192E-3,-800.000011921E-3,
,,,301.00002885E-3,-800.000011921E-3,
,,,302.00001597E-3,-800.000011921E-3,
,,,303.00000310E-3,-800.000011921E-3,
,,,304.00002003E-3,-800.000011921E-3,
,,,305.00000715E-3,-800.000011921E-3,
,,,306.00002408E-3,-800.000011921E-3,
,,,307.00001121E-3,-800.000011921E-3,
,,,308.00002813E-3,-800.000011921E-3,
,,,309.00001526E-3,-800.000011921E-3,
,,,310.00000238E-3,-800.000011921E-3,
,,,311.00001931E-3,-800.000011921E-3,
,,,312.00000644E-3,-800.000011921E-3,
,,,313.00002337E-3,-800.000011921E-3,
,,,314.00001049E-3,-800.000011921E-3,
,,,315.00002742E-3,-800.000011921E-3,
,,,316.00001454E-3,-800.000011921E-3,
,,,317.00000167E-3,-800.000011921E-3,
,,,318.00001860E-3,-800.000011921E-3,
,,,319.00000572E-3,-800.000011921E-3,
,,,320.00002265E-3,-800.000011921E-3,
,,,321.00000978E-3,-800.000011921E-3,
,,,322.00002670E-3,-800.000011921E-3,
,,,323.00001383E-3,-800.000011921E-3,
,,,324.00000095E-3,-800.000011921E-3,
,,,325.00001788E-3,-800.000011921E-3,
,,,326.00000501E-3,-800.000011921E-3,
,,,327.00002193E-3,-800.000011921E-3,
,,,328.00000906E-3,-800.000011921E-3,
,,,329.00002599E-3,-800.000011921E-3,
,,,330.00001311E-3,-800.000011921E-3,
,,,331.00003004E-3,-800.000011921E-3,
,,,332.00001717E-3,-800.000011921E-3,
,,,333.00000429E-3,-800.000011921E-3,
,,,334.00002122E-3,-800.000011921E-3,
,,,335.00000834E-3,-800.000011921E-3,
,,,336.00002527E-3,-800.000011921E-3,
,,,337.00001240E-3,-800.000011921E-3,
,,,338.00002933E-3,-800.000011921E-3,
,,,339.00001645E-3,-800.000011921E-3,
,,,340.00000358E-3,-800.000011921E-3,
,,,341.00002050E-3,-800.000011921E-3,
,,,342.00000763E-3,-800.000011921E-3,
,,,343.00002456E-3,-800.000011921E-3,
,,,344.00001168E-3,-800.000011921E-3,
,,,345.00002861E-3,-800.000011921E-3,
,,,346.00001574E-3,-800.000011921E-3,
,,,347.00000286E-3,-800.000011921E-3,
,,,348.00001979E-3,-800.000011921E-3,
,,,349.00000691E-3,-800.000011921E-3,
,,,350.00002384E-3,-800.000011921E-3,
,,,351.00001097E-3,-800.000011921E-3,
,,,352.00002789E-3,8.000000380E-3,
,,,353.00001502E-3,0.0,
,,,354.00000215E-3,0.0,
,,,355.00001907E-3,16.0000008E-3,
,,,356.00000620E-3,8.000000380E-3,
,,,357.00002313E-3,8.000000380E-3,
,,,358.00001025E-3,8.000000380E-3,
,,,359.00002718E-3,24.00000021E-3,
,,,360.00001431E-3,16.0000008E-3,
,,,361.00003123E-3,8.000000380E-3,
,,,362.00001836E-3,16.0000008E-3,
,,,363.00000548E-3,8.000000380E-3,
,,,364.00002241E-3,16.0000008E-3,
,,,365.00000954E-3,16.0000008E-3,
,,,366.00002646E-3,24.00000021E-3,
,,,367.00001359E-3,24.00000021E-3,
,,,368.00003052E-3,24.00000021E-3,
,,,369.00001764E-3,32.00000152E-3,
,,,370.00000477E-3,24.00000021E-3,
,,,371.00002170E-3,40.00000283E-3,
,,,372.00000882E-3,48.00000042E-3,
,,,373.00002575E-3,64.000003040E-3,
,,,374.00001287E-3,72.000004351E-3,
,,,375.00002980E-3,96.000000834E-3,
,,,376.00001693E-3,152.00001001E-3,
,,,377.00000405E-3,232.00000823E-3,
,,,378.00002098E-3,336.00002527E-3,
,,,379.00000811E-3,416.000008583E-3,
,,,380.00002503E-3,527.999997139E-3,
,,,381.00001216E-3,544.000029564E-3,
,,,382.00002909E-3,504.000008106E-3,
,,,383.00001621E-3,440.000027418E-3,
,,,384.00000334E-3,336.00002527E-3,
,,,385.00002027E-3,288.00001740E-3,
,,,386.00000739E-3,240.00000954E-3,
,,,387.00002432E-3,208.00000429E-3,
,,,388.00001144E-3,176.00001395E-3,
,,,389.00002837E-3,160.00001132E-3,
,,,390.00001550E-3,104.0000021E-3,
,,,391.00003242E-3,96.000000834E-3,
,,,392.00001955E-3,80.000005662E-3,
,,,393.00000668E-3,64.000003040E-3,
,,,394.00002360E-3,56.000001729E-3,
,,,395.00001073E-3,40.00000283E-3,
,,,396.00002766E-3,40.00000283E-3,
,,,397.00001478E-3,32.00000152E-3,
,,,398.00003171E-3,32.00000152E-3,
,,,399.00001884E-3,24.00000021E-3,
,,,400.00000596E-3,32.00000152E-3,
,,,401.00002289E-3,24.00000021E-3,
,,,402.00001001E-3,32.00000152E-3,
,,,403.00002694E-3,24.00000021E-3,
,,,404.000014067E-3,24.00000021E-3,
,,,405.000030994E-3,32.00000152E-3,
,,,406.000018120E-3,32.00000152E-3,
,,,407.000005245E-3,32.00000152E-3,
,,,408.000022173E-3,32.00000152E-3,
,,,409.000009298E-3,24.00000021E-3,
,,,410.000026226E-3,16.0000008E-3,
,,,411.000013351E-3,32.00000152E-3,
,,,412.000030279E-3,16.0000008E-3,
,,,413.000017405E-3,24.00000021E-3,
,,,414.000034332E-3,16.0000008E-3,
,,,415.000021458E-3,8.000000380E-3,
,,,416.000008583E-3,24.00000021E-3,
,,,417.000025511E-3,16.0000008E-3,
,,,418.000012636E-3,8.000000380E-3,
,,,419.000029564E-3,8.000000380E-3,
,,,420.000016689E-3,24.00000021E-3,
,,,421.000033617E-3,8.000000380E-3,
,,,422.000020742E-3,8.000000380E-3,
,,,423.000007868E-3,16.0000008E-3,
,,,424.000024796E-3,8.000000380E-3,
,,,425.000011921E-3,8.000000380E-3,
,,,426.000028849E-3,8.000000380E-3,
,,,427.000015974E-3,8.000000380E-3,
,,,428.000032902E-3,-8.000000380E-3,
,,,429.000020027E-3,0.0,
,,,430.000007153E-3,0.0,
,,,431.000024080E-3,8.000000380E-3,
,,,432.000011206E-3,8.000000380E-3,
,,,433.000028133E-3,8.000000380E-3,
,,,434.000015259E-3,0.0,
,,,435.000032187E-3,8.000000380E-3,
,,,436.000019312E-3,8.000000380E-3,
,,,437.000006437E-3,0.0,
,,,438.000023365E-3,8.000000380E-3,
,,,439.000010490E-3,16.0000008E-3,
,,,440.000027418E-3,0.0,
,,,441.000014544E-3,0.0,
,,,442.000031471E-3,0.0,
,,,443.000018597E-3,0.0,
,,,444.000035524E-3,8.000000380E-3,
,,,445.000022650E-3,8.000000380E-3,
,,,446.000009775E-3,8.000000380E-3,
,,,447.000026703E-3,0.0,
,,,448.000013828E-3,8.000000380E-3,
,,,449.000030756E-3,0.0,
,,,450.000017881E-3,8.000000380E-3,
,,,451.000034809E-3,16.0000008E-3,
,,,452.000021935E-3,8.000000380E-3,
,,,453.000009060E-3,16.0000008E-3,
,,,454.000025988E-3,8.000000380E-3,
,,,455.000013113E-3,8.000000380E-3,
,,,456.000030041E-3,16.0000008E-3,
,,,457.000017166E-3,8.000000380E-3,
,,,458.000034094E-3,8.000000380E-3,
,,,459.000021219E-3,8.000000380E-3,
,,,460.000008345E-3,8.000000380E-3,
,,,461.000025272E-3,16.0000008E-3,
,,,462.000012398E-3,24.00000021E-3,
,,,463.000029325E-3,16.0000008E-3,
,,,464.000016451E-3,24.00000021E-3,
,,,465.000033379E-3,32.00000152E-3,
,,,466.000020504E-3,40.00000283E-3,
,,,467.000007629E-3,48.00000042E-3,
,,,468.000024557E-3,80.000005662E-3,
,,,469.000011683E-3,112.0000035E-3,
,,,470.000028610E-3,184.00001526E-3,
,,,471.000015736E-3,232.00000823E-3,
,,,472.000032663E-3,352.00002789E-3,
,,,473.000019789E-3,392.00001955E-3,
,,,474.000036716E-3,360.00001431E-3,
,,,475.000023842E-3,304.00002003E-3,
,,,476.000010967E-3,232.00000823E-3,
,,,477.000027895E-3,192.00000167E-3,
,,,478.000015020E-3,160.00001132E-3,
,,,479.000031948E-3,136.0000074E-3,
,,,480.000019073E-3,104.0000021E-3,
,,,481.000036001E-3,80.000005662E-3,
,,,482.000023127E-3,72.000004351E-3,
,,,483.000010252E-3,40.00000283E-3,
,,,484.000027180E-3,48.00000042E-3,
,,,485.000014305E-3,32.00000152E-3,
,,,486.000031233E-3,32.00000152E-3,
,,,487.000018358E-3,24.00000021E-3,
,,,488.000035286E-3,24.00000021E-3,
,,,489.000022411E-3,16.0000008E-3,
,,,490.000009537E-3,24.00000021E-3,
,,,491.000026464E-3,24.00000021E-3,
,,,492.000013590E-3,24.00000021E-3,
,,,493.000030518E-3,24.00000021E-3,
,,,494.000017643E-3,24.00000021E-3,
,,,495.000034571E-3,24.00000021E-3,
,,,496.000021696E-3,8.000000380E-3,
,,,497.000008821E-3,16.0000008E-3,
,,,498.000025749E-3,8.000000380E-3,
,,,499.000012875E-3,16.0000008E-3,
,,,500.000000000E-3,16.0000008E-3,
,,,501.000046730E-3,8.000000380E-3,
,,,502.000033855E-3,16.0000008E-3,
,,,503.000020981E-3,0.0,
,,,504.000008106E-3,0.0,
,,,504.999995232E-3,8.000000380E-3,
,,,506.000041962E-3,0.0,
,,,507.000029087E-3,8.000000380E-3,
,,,508.000016212E-3,8.000000380E-3,
,,,509.000003338E-3,8.000000380E-3,
,,,510.000050068E-3,8.000000380E-3,
,,,511.000037193E-3,0.0,
,,,512.000024319E-3,8.000000380E-3,
,,,513.000011444E-3,0.0,
,,,513.999998569E-3,8.000000380E-3,
,,,515.000045300E-3,8.000000380E-3,
,,,516.000032425E-3,8.000000380E-3,
,,,517.000019550E-3,0.0,
,,,518.000006676E-3,-8.000000380E-3,
,,,519.000053406E-3,8.000000380E-3,
,,,520.000040531E-3,8.000000380E-3,
,,,521.000027657E-3,8.000000380E-3,
,,,522.000014782E-3,8.000000380E-3,
,,,523.000001907E-3,8.000000380E-3,
,,,524.000048637E-3,0.0,
,,,525.000035763E-3,16.0000008E-3,
,,,526.000022888E-3,16.0000008E-3,
,,,527.000010014E-3,8.000000380E-3,
,,,527.999997139E-3,8.000000380E-3,
,,,529.000043869E-3,16.0000008E-3,
,,,530.000030994E-3,8.000000380E-3,
,,,531.000018120E-3,0.0,
,,,532.000005245E-3,16.0000008E-3,
,,,533.000051975E-3,16.0000008E-3,
,,,534.000039101E-3,16.0000008E-3,
,,,535.000026226E-3,24.00000021E-3,
,,,536.000013351E-3,32.00000152E-3,
,,,537.000000477E-3,48.00000042E-3,
,,,538.000047207E-3,88.000006974E-3,
,,,539.000034332E-3,136.0000074E-3,
,,,540.000021458E-3,176.00001395E-3,
,,,541.000008583E-3,240.00000954E-3,
,,,542.000055313E-3,263.99999857E-3,
,,,543.000042439E-3,216.00000560E-3,
,,,544.000029564E-3,168.00001264E-3,
,,,545.000016689E-3,136.0000074E-3,
,,,546.000003815E-3,-8.000000380E-3,
,,,547.000050545E-3,0.0,
,,,548.000037670E-3,0.0,
,,,549.000024796E-3,0.0,
,,,550.000011921E-3,0.0,
,,,550.999999046E-3,8.000000380E-3,
,,,552.000045776E-3,0.0,
,,,553.000032902E-3,8.000000380E-3,
,,,554.000020027E-3,8.000000380E-3,
,,,555.000007153E-3,0.0,
,,,556.000053883E-3,0.0,
,,,557.000041008E-3,8.000000380E-3,
,,,558.000028133E-3,8.000000380E-3,
,,,559.000015259E-3,0.0,
,,,560.000002384E-3,16.0000008E-3,
,,,561.000049114E-3,8.000000380E-3,
,,,562.000036240E-3,8.000000380E-3,
,,,563.000023365E-3,8.000000380E-3,
,,,564.000010490E-3,8.000000380E-3,
,,,564.999997616E-3,16.0000008E-3,
,,,566.000044346E-3,8.000000380E-3,
,,,567.000031471E-3,16.0000008E-3,
,,,568.000018597E-3,16.0000008E-3,
,,,569.000005722E-3,8.000000380E-3,
,,,570.000052452E-3,8.000000380E-3,
,,,571.000039577E-3,8.000000380E-3,
,,,572.000026703E-3,8.000000380E-3,
,,,573.000013828E-3,16.0000008E-3,
,,,574.000000954E-3,8.000000380E-3,
,,,575.000047684E-3,8.000000380E-3,
,,,576.000034809E-3,8.000000380E-3,
,,,577.000021935E-3,8.000000380E-3,
,,,578.000009060E-3,8.000000380E-3,
,,,579.000055790E-3,16.0000008E-3,
,,,580.000042915E-3,8.000000380E-3,
,,,581.000030041E-3,16.0000008E-3,
,,,582.000017166E-3,8.000000380E-3,
,,,583.000004292E-3,24.00000021E-3,
,,,584.000051022E-3,16.0000008E-3,
,,,585.000038147E-3,24.00000021E-3,
,,,586.000025272E-3,32.00000152E-3,
,,,587.000012398E-3,32.00000152E-3,
,,,587.999999523E-3,32.00000152E-3,
,,,589.000046253E-3,48.00000042E-3,
,,,590.000033379E-3,40.00000283E-3,
,,,591.000020504E-3,56.000001729E-3,
,,,592.000007629E-3,64.000003040E-3,
,,,593.000054359E-3,80.000005662E-3,
,,,594.000041485E-3,104.0000021E-3,
,,,595.000028610E-3,144.0000087E-3,
,,,596.000015736E-3,160.00001132E-3,
,,,597.000002861E-3,160.00001132E-3,
,,,598.000049591E-3,176.00001395E-3,
,,,599.000036716E-3,184.00001526E-3,
,,,600.000023842E-3,160.00001132E-3,
,,,601.000010967E-3,144.0000087E-3,
,,,602.000057697E-3,128.0000061E-3,
,,,603.000044823E-3,112.0000035E-3,
,,,604.000031948E-3,96.000000834E-3,
,,,605.000019073E-3,88.000006974E-3,
,,,606.000006199E-3,80.000005662E-3,
,,,607.000052929E-3,80.000005662E-3,
,,,608.000040054E-3,56.000001729E-3,
,,,609.000027180E-3,56.000001729E-3,
,,,610.000014305E-3,48.00000042E-3,
,,,611.000001431E-3,40.00000283E-3,
,,,612.000048161E-3,32.00000152E-3,
,,,613.000035286E-3,24.00000021E-3,
,,,614.000022411E-3,24.00000021E-3,
,,,615.000009537E-3,32.00000152E-3,
,,,616.000056267E-3,24.00000021E-3,
,,,617.000043392E-3,16.0000008E-3,
,,,618.000030518E-3,16.0000008E-3,
,,,619.000017643E-3,8.000000380E-3,
,,,620.000004768E-3,16.0000008E-3,
,,,621.000051498E-3,8.000000380E-3,
,,,622.000038624E-3,16.0000008E-3,
,,,623.000025749E-3,8.000000380E-3,
,,,624.000012875E-3,16.0000008E-3,
,,,625.000000000E-3,16.0000008E-3,
,,,626.000046730E-3,8.000000380E-3,
,,,627.000033855E-3,16.0000008E-3,
,,,628.000020981E-3,8.000000380E-3,
,,,629.000008106E-3,8.000000380E-3,
,,,630.000054836E-3,16.0000008E-3,
,,,631.000041962E-3,0.0,
,,,632.000029087E-3,16.0000008E-3,
,,,633.000016212E-3,8.000000380E-3,
,,,634.000003338E-3,0.0,
,,,635.000050068E-3,8.000000380E-3,
,,,636.000037193E-3,0.0,
,,,637.000024319E-3,8.000000380E-3,
,,,638.000011444E-3,8.000000380E-3,
,,,639.000058174E-3,8.000000380E-3,
,,,640.000045300E-3,0.0,
,,,641.000032425E-3,16.0000008E-3,
,,,642.000019550E-3,8.000000380E-3,
,,,643.000006676E-3,0.0,
,,,644.000053406E-3,8.000000380E-3,
,,,645.000040531E-3,16.0000008E-3,
,,,646.000027657E-3,8.000000380E-3,
,,,647.000014782E-3,8.000000380E-3,
,,,648.000001907E-3,8.000000380E-3,
,,,649.000048637E-3,0.0,
,,,650.000035763E-3,0.0,
,,,651.000022888E-3,8.000000380E-3,
,,,652.000010014E-3,8.000000380E-3,
,,,653.000056744E-3,8.000000380E-3,
,,,654.000043869E-3,0.0,
,,,655.000030994E-3,8.000000380E-3,
,,,656.000018120E-3,0.0,
,,,657.000005245E-3,0.0,
,,,658.000051975E-3,0.0,
,,,659.000039101E-3,8.000000380E-3,
,,,660.000026226E-3,8.000000380E-3,
,,,661.000013351E-3,8.000000380E-3,
,,,662.000060081E-3,16.0000008E-3,
,,,663.000047207E-3,8.000000380E-3,
,,,664.000034332E-3,0.0,
,,,665.000021458E-3,8.000000380E-3,
,,,666.000008583E-3,16.0000008E-3,
,,,667.000055313E-3,8.000000380E-3,
,,,668.000042439E-3,8.000000380E-3,
,,,669.000029564E-3,8.000000380E-3,
,,,670.000016689E-3,8.000000380E-3,
,,,671.000003815E-3,8.000000380E-3,
,,,672.000050545E-3,24.00000021E-3,
,,,673.000037670E-3,24.00000021E-3,
,,,674.000024796E-3,32.00000152E-3,
,,,675.000011921E-3,32.00000152E-3,
,,,676.000058651E-3,48.00000042E-3,
,,,677.000045776E-3,56.000001729E-3,
,,,678.000032902E-3,40.00000283E-3,
,,,679.000020027E-3,40.00000283E-3,
,,,680.000007153E-3,40.00000283E-3,
,,,681.000053883E-3,24.00000021E-3,
,,,682.000041008E-3,16.0000008E-3,
,,,683.000028133E-3,16.0000008E-3,
,,,684.000015259E-3,8.000000380E-3,
,,,685.000061989E-3,8.000000380E-3,
,,,686.000049114E-3,8.000000380E-3,
,,,687.000036240E-3,8.000000380E-3,
,,,688.000023365E-3,16.0000008E-3,
,,,689.000010490E-3,8.000000380E-3,
,,,690.000057220E-3,8.000000380E-3,
,,,691.000044346E-3,0.0,
,,,692.000031471E-3,8.000000380E-3,
,,,693.000018597E-3,16.0000008E-3,
,,,694.000005722E-3,8.000000380E-3,
,,,695.000052452E-3,0.0,
,,,696.000039577E-3,8.000000380E-3,
,,,697.000026703E-3,16.0000008E-3,
,,,698.000013828E-3,0.0,
,,,699.000060558E-3,0.0,
,,,700.000047684E-3,0.0,
,,,701.000034809E-3,8.000000380E-3,
,,,702.000021935E-3,0.0,
,,,703.000009060E-3,0.0,
,,,704.000055790E-3,8.000000380E-3,
,,,705.000042915E-3,8.000000380E-3,
,,,706.000030041E-3,8.000000380E-3,
,,,707.000017166E-3,0.0,
,,,708.000004292E-3,8.000000380E-3,
,,,709.000051022E-3,8.000000380E-3,
,,,710.000038147E-3,8.000000380E-3,
,,,711.000025272E-3,0.0,
,,,712.000012398E-3,0.0,
,,,713.000059128E-3,0.0,
,,,714.000046253E-3,8.000000380E-3,
,,,715.000033379E-3,8.000000380E-3,
,,,716.000020504E-3,0.0,
,,,717.000007629E-3,0.0,
,,,718.000054359E-3,0.0,
,,,719.000041485E-3,0.0,
,,,720.000028610E-3,8.000000380E-3,
,,,721.000015736E-3,0.0,
,,,722.000062466E-3,0.0,
,,,723.000049591E-3,8.000000380E-3,
,,,724.000036716E-3,8.000000380E-3,
,,,725.000023842E-3,0.0,
,,,726.000010967E-3,0.0,
,,,727.000057697E-3,8.000000380E-3,
,,,728.000044823E-3,0.0,
,,,729.000031948E-3,0.0,
,,,730.000019073E-3,8.000000380E-3,
,,,731.000006199E-3,0.0,
,,,732.000052929E-3,8.000000380E-3,
,,,733.000040054E-3,8.000000380E-3,
,,,734.000027180E-3,8.000000380E-3,
,,,735.000014305E-3,-8.000000380E-3,
,,,736.000061035E-3,8.000000380E-3,
,,,737.000048161E-3,0.0,
,,,738.000035286E-3,8.000000380E-3,
,,,739.000022411E-3,0.0,
,,,740.000009537E-3,8.000000380E-3,
,,,741.000056267E-3,8.000000380E-3,
,,,742.000043392E-3,8.000000380E-3,
,,,743.000030518E-3,-8.000000380E-3,
,,,744.000017643E-3,0.0,
,,,745.000064373E-3,0.0,
,,,746.000051498E-3,8.000000380E-3,
,,,747.000038624E-3,-8.000000380E-3,
,,,748.000025749E-3,8.000000380E-3,
,,,749.000012875E-3,8.000000380E-3,
,,,750.000059605E-3,8.000000380E-3,
,,,751.000046730E-3,0.0,
,,,752.000033855E-3,0.0,
,,,753.000020981E-3,0.0,
,,,754.000008106E-3,0.0,
,,,755.000054836E-3,8.000000380E-3,
,,,756.000041962E-3,16.0000008E-3,
,,,757.000029087E-3,8.000000380E-3,
,,,758.000016212E-3,8.000000380E-3,
,,,759.000062943E-3,0.0,
,,,760.000050068E-3,0.0,
,,,761.000037193E-3,8.000000380E-3,
,,,762.000024319E-3,16.0000008E-3,
,,,763.000011444E-3,8.000000380E-3,
,,,764.000058174E-3,8.000000380E-3,
,,,765.000045300E-3,16.0000008E-3,
,,,766.000032425E-3,16.0000008E-3,
,,,767.000019550E-3,16.0000008E-3,
,,,768.000006676E-3,8.000000380E-3,
,,,769.000053406E-3,8.000000380E-3,
,,,770.000040531E-3,16.0000008E-3,
,,,771.000027657E-3,32.00000152E-3,
,,,772.000014782E-3,32.00000152E-3,
,,,773.000061512E-3,40.00000283E-3,
,,,774.000048637E-3,40.00000283E-3,
,,,775.000035763E-3,48.00000042E-3,
,,,776.000022888E-3,56.000001729E-3,
,,,777.000010014E-3,56.000001729E-3,
,,,778.000056744E-3,40.00000283E-3,
,,,779.000043869E-3,32.00000152E-3,
,,,780.000030994E-3,16.0000008E-3,
,,,781.000018120E-3,24.00000021E-3,
,,,782.000064850E-3,24.00000021E-3,
,,,783.000051975E-3,8.000000380E-3,
,,,784.000039101E-3,16.0000008E-3,
,,,785.000026226E-3,24.00000021E-3,
,,,786.000013351E-3,8.000000380E-3,
,,,787.000060081E-3,8.000000380E-3,
,,,788.000047207E-3,0.0,
,,,789.000034332E-3,8.000000380E-3,
,,,790.000021458E-3,8.000000380E-3,
,,,791.000008583E-3,8.000000380E-3,
,,,792.000055313E-3,0.0,
,,,793.000042439E-3,8.000000380E-3,
,,,794.000029564E-3,-8.000000380E-3,
,,,795.000016689E-3,8.000000380E-3,
,,,796.000063419E-3,0.0,
,,,797.000050545E-3,-8.000000380E-3,
,,,798.000037670E-3,8.000000380E-3,
,,,799.000024796E-3,8.000000380E-3,
,,,800.000011921E-3,8.000000380E-3,
,,,801.000058651E-3,0.0,
,,,802.000045776E-3,0.0,
,,,803.000032902E-3,8.000000380E-3,
,,,804.000020027E-3,8.000000380E-3,
,,,805.000066757E-3,16.0000008E-3,
,,,806.000053883E-3,0.0,
,,,807.000041008E-3,8.000000380E-3,
,,,808.000028133E-3,8.000000380E-3,
,,,809.000015259E-3,8.000000380E-3,
,,,810.000061989E-3,0.0,
,,,811.000049114E-3,8.000000380E-3,
,,,812.000036240E-3,0.0,
,,,813.000023365E-3,8.000000380E-3,
,,,814.000010490E-3,8.000000380E-3,
,,,815.000057220E-3,8.000000380E-3,
,,,816.000044346E-3,8.000000380E-3,
,,,817.000031471E-3,0.0,
,,,818.000018597E-3,8.000000380E-3,
,,,819.000065327E-3,0.0,
,,,820.000052452E-3,0.0,
,,,821.000039577E-3,16.0000008E-3,
,,,822.000026703E-3,8.000000380E-3,
,,,823.000013828E-3,8.000000380E-3,
,,,824.000060558E-3,8.000000380E-3,
,,,825.000047684E-3,0.0,
,,,826.000034809E-3,8.000000380E-3,
,,,827.000021935E-3,8.000000380E-3,
,,,828.000068665E-3,8.000000380E-3,
,,,829.000055790E-3,16.0000008E-3,
,,,830.000042915E-3,16.0000008E-3,
,,,831.000030041E-3,16.0000008E-3,
,,,832.000017166E-3,16.0000008E-3,
,,,833.000063896E-3,8.000000380E-3,
,,,834.000051022E-3,8.000000380E-3,
,,,835.000038147E-3,8.000000380E-3,
,,,836.000025272E-3,8.000000380E-3,
,,,837.000012398E-3,8.000000380E-3,
,,,838.000059128E-3,16.0000008E-3,
,,,839.000046253E-3,24.00000021E-3,
,,,840.000033379E-3,16.0000008E-3,
,,,841.000020504E-3,16.0000008E-3,
,,,842.000067234E-3,16.0000008E-3,
,,,843.000054359E-3,16.0000008E-3,
,,,844.000041485E-3,16.0000008E-3,
,,,845.000028610E-3,24.00000021E-3,
,,,846.000015736E-3,24.00000021E-3,
,,,847.000062466E-3,24.00000021E-3,
,,,848.000049591E-3,32.00000152E-3,
,,,849.000036716E-3,24.00000021E-3,
,,,850.000023842E-3,32.00000152E-3,
,,,851.000010967E-3,32.00000152E-3,
,,,852.000057697E-3,48.00000042E-3,
,,,853.000044823E-3,48.00000042E-3,
,,,854.000031948E-3,56.000001729E-3,
,,,855.000019073E-3,56.000001729E-3,
,,,856.000065804E-3,56.000001729E-3,
,,,857.000052929E-3,80.000005662E-3,
,,,858.000040054E-3,80.000005662E-3,
,,,859.000027180E-3,96.000000834E-3,
,,,860.000014305E-3,96.000000834E-3,
,,,861.000061035E-3,128.0000061E-3,
,,,862.000048161E-3,120.0000048E-3,
,,,863.000035286E-3,144.0000087E-3,
,,,864.000022411E-3,160.00001132E-3,
,,,865.000069141E-3,168.00001264E-3,
,,,866.000056267E-3,184.00001526E-3,
,,,867.000043392E-3,200.00000298E-3,
,,,868.000030518E-3,200.00000298E-3,
,,,869.000017643E-3,200.00000298E-3,
,,,870.000064373E-3,176.00001395E-3,
,,,871.000051498E-3,168.00001264E-3,
,,,872.000038624E-3,152.00001001E-3,
,,,873.000025749E-3,136.0000074E-3,
,,,874.000012875E-3,120.0000048E-3,
,,,875.000059605E-3,112.0000035E-3,
,,,876.000046730E-3,80.000005662E-3,
,,,877.000033855E-3,56.000001729E-3,
,,,878.000020981E-3,48.00000042E-3,
,,,879.000067711E-3,56.000001729E-3,
,,,880.000054836E-3,32.00000152E-3,
,,,881.000041962E-3,24.00000021E-3,
,,,882.000029087E-3,40.00000283E-3,
,,,883.000016212E-3,32.00000152E-3,
,,,884.000062943E-3,24.00000021E-3,
,,,885.000050068E-3,24.00000021E-3,
,,,886.000037193E-3,24.00000021E-3,
,,,887.000024319E-3,16.0000008E-3,
,,,888.000071049E-3,24.00000021E-3,
,,,889.000058174E-3,16.0000008E-3,
,,,890.000045300E-3,16.0000008E-3,
,,,891.000032425E-3,8.000000380E-3,
,,,892.000019550E-3,16.0000008E-3,
,,,893.000066280E-3,8.000000380E-3,
,,,894.000053406E-3,8.000000380E-3,
,,,895.000040531E-3,8.000000380E-3,
,,,896.000027657E-3,8.000000380E-3,
,,,897.000014782E-3,8.000000380E-3,
,,,898.000061512E-3,8.000000380E-3,
,,,899.000048637E-3,16.0000008E-3,
,,,900.000035763E-3,16.0000008E-3,
,,,901.000022888E-3,8.000000380E-3,
,,,902.000069618E-3,0.0,
,,,903.000056744E-3,8.000000380E-3,
,,,904.000043869E-3,8.000000380E-3,
,,,905.000030994E-3,8.000000380E-3,
,,,906.000018120E-3,8.000000380E-3,
,,,907.000064850E-3,8.000000380E-3,
,,,908.000051975E-3,0.0,
,,,909.000039101E-3,8.000000380E-3,
,,,910.000026226E-3,8.000000380E-3,
,,,911.000072956E-3,8.000000380E-3,
,,,912.000060081E-3,8.000000380E-3,
,,,913.000047207E-3,8.000000380E-3,
,,,914.000034332E-3,16.0000008E-3,
,,,915.000021458E-3,0.0,
,,,916.000068188E-3,8.000000380E-3,
,,,917.000055313E-3,8.000000380E-3,
,,,918.000042439E-3,16.0000008E-3,
,,,919.000029564E-3,8.000000380E-3,
,,,920.000016689E-3,0.0,
,,,921.000063419E-3,8.000000380E-3,
,,,922.000050545E-3,48.00000042E-3,
,,,923.000037670E-3,48.00000042E-3,
,,,924.000024796E-3,32.00000152E-3,
,,,925.000071526E-3,8.000000380E-3,
,,,926.000058651E-3,16.0000008E-3,
,,,927.000045776E-3,16.0000008E-3,
,,,928.000032902E-3,16.0000008E-3,
,,,929.000020027E-3,8.000000380E-3,
,,,930.000066757E-3,8.000000380E-3,
,,,931.000053883E-3,8.000000380E-3,
,,,932.000041008E-3,8.000000380E-3,
,,,933.000028133E-3,16.0000008E-3,
,,,934.000015259E-3,0.0,
,,,935.000061989E-3,8.000000380E-3,
,,,936.000049114E-3,8.000000380E-3,
,,,937.000036240E-3,8.000000380E-3,
,,,938.000023365E-3,0.0,
,,,939.000070095E-3,0.0,
,,,940.000057220E-3,8.000000380E-3,
,,,941.000044346E-3,8.000000380E-3,
,,,942.000031471E-3,0.0,
,,,943.000018597E-3,0.0,
,,,944.000065327E-3,0.0,
,,,945.000052452E-3,8.000000380E-3,
,,,946.000039577E-3,0.0,
,,,947.000026703E-3,8.000000380E-3,
,,,948.000073433E-3,8.000000380E-3,
,,,949.000060558E-3,8.000000380E-3,
,,,950.000047684E-3,8.000000380E-3,
,,,951.000034809E-3,0.0,
,,,952.000021935E-3,8.000000380E-3,
,,,953.000068665E-3,8.000000380E-3,
,,,954.000055790E-3,8.000000380E-3,
,,,955.000042915E-3,0.0,
,,,956.000030041E-3,16.0000008E-3,
,,,957.000017166E-3,8.000000380E-3,
,,,958.000063896E-3,8.000000380E-3,
,,,959.000051022E-3,8.000000380E-3,
,,,960.000038147E-3,8.000000380E-3,
,,,961.000025272E-3,8.000000380E-3,
,,,962.000072002E-3,8.000000380E-3,
,,,963.000059128E-3,16.0000008E-3,
,,,964.000046253E-3,16.0000008E-3,
,,,965.000033379E-3,16.0000008E-3,
,,,966.000020504E-3,24.00000021E-3,
,,,967.000067234E-3,16.0000008E-3,
,,,968.000054359E-3,16.0000008E-3,
,,,969.000041485E-3,16.0000008E-3,
,,,970.000028610E-3,24.00000021E-3,
,,,971.000075340E-3,8.000000380E-3,
,,,972.000062466E-3,32.00000152E-3,
,,,973.000049591E-3,32.00000152E-3,
,,,974.000036716E-3,16.0000008E-3,
,,,975.000023842E-3,24.00000021E-3,
,,,976.000070572E-3,32.00000152E-3,
,,,977.000057697E-3,32.00000152E-3,
,,,978.000044823E-3,40.00000283E-3,
,,,979.000031948E-3,56.000001729E-3,
,,,980.000019073E-3,72.000004351E-3,
,,,981.000065804E-3,72.000004351E-3,
,,,982.000052929E-3,96.000000834E-3,
,,,983.000040054E-3,136.0000074E-3,
,,,984.000027180E-3,160.00001132E-3,
,,,985.000073910E-3,184.00001526E-3,
,,,986.000061035E-3,224.00000691E-3,
,,,987.000048161E-3,280.00000119E-3,
,,,988.000035286E-3,344.00001168E-3,
,,,989.000022411E-3,392.00001955E-3,
,,,990.000069141E-3,392.00001955E-3,
,,,991.000056267E-3,328.00000906E-3,
,,,992.000043392E-3,224.00000691E-3,
,,,993.000030518E-3,152.00001001E-3,
,,,994.000017643E-3,96.000000834E-3,
,,,995.000064373E-3,64.000003040E-3,
,,,996.000051498E-3,56.000001729E-3,
,,,997.000038624E-3,40.00000283E-3,
,,,998.000025749E-3,32.00000152E-3,
,,,999.000072479E-3,24.00000021E-3,
,,,1.000000,32.00000152E-3,
,,,1.0010000,16.0000008E-3,
,,,1.0020001,16.0000008E-3,
,,,1.0030000,16.0000008E-3,
,,,1.0040001,16.0000008E-3,
,,,1.0050000,16.0000008E-3,
,,,1.0060000,16.0000008E-3,
,,,1.0070001,16.0000008E-3,
,,,1.0080000,16.0000008E-3,
,,,1.0090001,8.000000380E-3,
,,,1.0100000,8.000000380E-3,
,,,1.0110000,8.000000380E-3,
,,,1.0120001,8.000000380E-3,
,,,1.0130000,8.000000380E-3,
,,,1.0140001,8.000000380E-3,
,,,1.0150001,8.000000380E-3,
,,,1.0160000,8.000000380E-3,
,,,1.0170001,8.000000380E-3,
,,,1.0180000,8.000000380E-3,
,,,1.0190001,8.000000380E-3,
,,,1.0200001,0.0,
,,,1.0210000,8.000000380E-3,
,,,1.0220001,0.0,
,,,1.0230000,8.000000380E-3,
,,,1.0240000,0.0,
,,,1.0250001,0.0,
,,,1.0260000,0.0,
,,,1.0270001,0.0,
,,,1.0280000,8.000000380E-3,
,,,1.0290000,8.000000380E-3,
,,,1.0300001,0.0,
,,,1.0310000,8.000000380E-3,
,,,1.0320001,8.000000380E-3,
,,,1.0330000,0.0,
,,,1.0340000,8.000000380E-3,
,,,1.0350001,8.000000380E-3,
,,,1.0360000,0.0,
,,,1.0370001,8.000000380E-3,
,,,1.0380001,8.000000380E-3,
,,,1.0390000,8.000000380E-3,
,,,1.0400001,0.0,
,,,1.0410000,0.0,
,,,1.0420001,8.000000380E-3,
,,,1.0430001,8.000000380E-3,
,,,1.0440000,16.0000008E-3,
,,,1.0450001,8.000000380E-3,
,,,1.0460000,16.0000008E-3,
,,,1.0470001,16.0000008E-3,
,,,1.0480001,24.00000021E-3,
,,,1.0490000,24.00000021E-3,
,,,1.0500001,24.00000021E-3,
,,,1.0510000,32.00000152E-3,
,,,1.0520000,32.00000152E-3,
,,,1.0530001,32.00000152E-3,
,,,1.0540000,24.00000021E-3,
,,,1.0550001,24.00000021E-3,
,,,1.0560000,32.00000152E-3,
,,,1.0570000,24.00000021E-3,
,,,1.0580001,32.00000152E-3,
,,,1.0590000,24.00000021E-3,
,,,1.0600001,24.00000021E-3,
,,,1.0610001,24.00000021E-3,
,,,1.0620000,24.00000021E-3,
,,,1.0630001,24.00000021E-3,
,,,1.0640000,32.00000152E-3,
,,,1.0650001,32.00000152E-3,
,,,1.0660001,32.00000152E-3,
,,,1.0670000,32.00000152E-3,
,,,1.0680001,48.00000042E-3,
,,,1.0690000,56.000001729E-3,
,,,1.0700001,56.000001729E-3,
,,,1.0710001,80.000005662E-3,
,,,1.0720000,96.000000834E-3,
,,,1.0730001,112.0000035E-3,
,,,1.0740000,152.00001001E-3,
,,,1.0750000,192.00000167E-3,
,,,1.0760001,208.00000429E-3,
,,,1.0770000,256.00001216E-3,
,,,1.0780001,280.00000119E-3,
,,,1.0790000,360.00001431E-3,
,,,1.0800000,472.000032663E-3,
,,,1.0810001,536.000013351E-3,
,,,1.0820000,568.000018597E-3,
,,,1.0830001,527.999997139E-3,
,,,1.0840001,400.00000596E-3,
,,,1.0850000,304.00002003E-3,
,,,1.0860001,216.00000560E-3,
,,,1.0870000,128.0000061E-3,
,,,1.0880001,96.000000834E-3,
,,,1.0890001,64.000003040E-3,
,,,1.0900000,48.00000042E-3,
,,,1.0910001,32.00000152E-3,
,,,1.0920000,32.00000152E-3,
,,,1.0930001,24.00000021E-3,
,,,1.0940001,32.00000152E-3,
,,,1.0950000,32.00000152E-3,
,,,1.0960001,24.00000021E-3,
,,,1.0970000,16.0000008E-3,
,,,1.0980000,8.000000380E-3,
,,,1.0990001,24.00000021E-3,
,,,1.1000000,24.00000021E-3,
,,,1.1010001,16.0000008E-3,
,,,1.1020000,8.000000380E-3,
,,,1.1030000,8.000000380E-3,
,,,1.1040001,8.000000380E-3,
,,,1.1050000,16.0000008E-3,
,,,1.1060001,16.0000008E-3,
,,,1.1070000,8.000000380E-3,
,,,1.1080000,16.0000008E-3,
,,,1.1090001,0.0,
,,,1.1100000,0.0,
,,,1.1110001,8.000000380E-3,
,,,1.1120001,8.000000380E-3,
,,,1.1130000,8.000000380E-3,
,,,1.1140001,16.0000008E-3,
,,,1.1150000,0.0,
,,,1.1160001,8.000000380E-3,
,,,1.1170001,0.0,
,,,1.1180000,8.000000380E-3,
,,,1.1190001,8.000000380E-3,
,,,1.1200000,8.000000380E-3,
,,,1.1210001,8.000000380E-3,
,,,1.1220001,0.0,
,,,1.1230000,0.0,
,,,1.1240001,8.000000380E-3,
,,,1.1250000,8.000000380E-3,
,,,1.1260000,8.000000380E-3,
,,,1.1270001,0.0,
,,,1.1280000,8.000000380E-3,
,,,1.1290001,8.000000380E-3,
,,,1.1300000,0.0,
,,,1.1310000,8.000000380E-3,
,,,1.1320001,8.000000380E-3,
,,,1.1330000,8.000000380E-3,
,,,1.1340001,0.0,
,,,1.1350001,16.0000008E-3,
,,,1.1360000,0.0,
,,,1.1370001,16.0000008E-3,
,,,1.1380000,16.0000008E-3,
,,,1.1390001,8.000000380E-3,
,,,1.1400001,8.000000380E-3,
,,,1.1410000,16.0000008E-3,
,,,1.1420001,16.0000008E-3,
,,,1.1430000,16.0000008E-3,
,,,1.1440001,24.00000021E-3,
,,,1.1450001,16.0000008E-3,
,,,1.1460000,24.00000021E-3,
,,,1.1470001,32.00000152E-3,
,,,1.1480000,32.00000152E-3,
,,,1.1490000,24.00000021E-3,
,,,1.1500001,24.00000021E-3,
,,,1.1510000,32.00000152E-3,
,,,1.1520001,32.00000152E-3,
,,,1.1530000,32.00000152E-3,
,,,1.1540000,24.00000021E-3,
,,,1.1550001,32.00000152E-3,
,,,1.1560000,32.00000152E-3,
,,,1.1570001,32.00000152E-3,
,,,1.1580001,32.00000152E-3,
,,,1.1590000,32.00000152E-3,
,,,1.1600001,32.00000152E-3,
,,,1.1610000,32.00000152E-3,
,,,1.1620001,32.00000152E-3,
,,,1.1630001,24.00000021E-3,
,,,1.1640000,32.00000152E-3,
,,,1.1650001,32.00000152E-3,
,,,1.1660000,24.00000021E-3,
,,,1.1670001,32.00000152E-3,
,,,1.1680001,32.00000152E-3,
,,,1.1690000,32.00000152E-3,
,,,1.1700001,32.00000152E-3,
,,,1.1710000,32.00000152E-3,
,,,1.1720001,16.0000008E-3,
,,,1.1730001,32.00000152E-3,
,,,1.1740000,32.00000152E-3,
,,,1.1750001,32.00000152E-3,
,,,1.1760000,32.00000152E-3,
,,,1.1770000,32.00000152E-3,
,,,1.1780001,24.00000021E-3,
,,,1.1790000,24.00000021E-3,
,,,1.1800001,32.00000152E-3,
,,,1.1810001,24.00000021E-3,
,,,1.1820000,24.00000021E-3,
,,,1.1830001,8.000000380E-3,
,,,1.1840000,16.0000008E-3,
,,,1.1850001,8.000000380E-3,
,,,1.1860001,8.000000380E-3,
,,,1.1870000,16.0000008E-3,
,,,1.1880001,8.000000380E-3,
,,,1.1890000,8.000000380E-3,
,,,1.1900001,8.000000380E-3,
,,,1.1910001,0.0,
,,,1.1920000,0.0,
,,,1.1930001,8.000000380E-3,
,,,1.1940000,8.000000380E-3,
,,,1.1950001,0.0,
,,,1.1960001,8.000000380E-3,
,,,1.1970000,0.0,
,,,1.1980001,8.000000380E-3,
,,,1.1990000,8.000000380E-3,
,,,1.2000000,8.000000380E-3,
,,,1.2010001,8.000000380E-3,
,,,1.2020000,0.0,
,,,1.2030001,0.0,
,,,1.2040001,8.000000380E-3,
,,,1.2050000,8.000000380E-3,
,,,1.2060001,8.000000380E-3,
,,,1.2070000,8.000000380E-3,
,,,1.2080001,0.0,
,,,1.2090001,8.000000380E-3,
,,,1.2100000,-8.000000380E-3,
,,,1.2110001,0.0,
,,,1.2120000,16.0000008E-3,
,,,1.2130001,-8.000000380E-3,
,,,1.2140001,0.0,
,,,1.2150000,0.0,
,,,1.2160001,0.0,
,,,1.2170000,8.000000380E-3,
,,,1.2180001,0.0,
,,,1.2190001,8.000000380E-3,
,,,1.2200000,8.000000380E-3,
,,,1.2210001,16.0000008E-3,
,,,1.2220000,8.000000380E-3,
,,,1.2230000,16.0000008E-3,
,,,1.2240001,8.000000380E-3,
,,,1.2250000,8.000000380E-3,
,,,1.2260001,8.000000380E-3,
,,,1.2270001,16.0000008E-3,
,,,1.2280000,0.0,
,,,1.2290001,8.000000380E-3,
,,,1.2300000,8.000000380E-3,
,,,1.2310001,16.0000008E-3,
,,,1.2320001,16.0000008E-3,
,,,1.2330000,16.0000008E-3,
,,,1.2340001,32.00000152E-3,
,,,1.2350000,16.0000008E-3,
,,,1.2360001,16.0000008E-3,
,,,1.2370001,24.00000021E-3,
,,,1.2380000,16.0000008E-3,
,,,1.2390001,32.00000152E-3,
,,,1.2400000,40.00000283E-3,
,,,1.2410001,48.00000042E-3,
,,,1.2420001,64.000003040E-3,
,,,1.2430000,80.000005662E-3,
,,,1.2440001,112.0000035E-3,
,,,1.2450000,168.00001264E-3,
,,,1.2460001,240.00000954E-3,
,,,1.2470001,360.00001431E-3,
,,,1.2480000,456.000030041E-3,
,,,1.2490001,536.000013351E-3,
,,,1.2500000,544.000029564E-3,
,,,1.2510000,512.000024319E-3,
,,,1.2520001,424.000024796E-3,
,,,1.2530000,336.00002527E-3,
,,,1.2540001,263.99999857E-3,
,,,1.2550001,232.00000823E-3,
,,,1.2560000,216.00000560E-3,
,,,1.2570001,184.00001526E-3,
,,,1.2580000,144.0000087E-3,
,,,1.2590001,112.0000035E-3,
,,,1.2600001,96.000000834E-3,
,,,1.2610000,88.000006974E-3,
,,,1.2620001,64.000003040E-3,
,,,1.2630000,56.000001729E-3,
,,,1.2640001,48.00000042E-3,
,,,1.2650001,32.00000152E-3,
,,,1.2660000,32.00000152E-3,
,,,1.2670001,32.00000152E-3,
,,,1.2680000,24.00000021E-3,
,,,1.2690001,32.00000152E-3,
,,,1.2700001,24.00000021E-3,
,,,1.2710000,16.0000008E-3,
,,,1.2720001,24.00000021E-3,
,,,1.2730000,24.00000021E-3,
,,,1.2740000,16.0000008E-3,
,,,1.2750001,32.00000152E-3,
,,,1.2760000,24.00000021E-3,
,,,1.2770001,24.00000021E-3,
,,,1.2780001,24.00000021E-3,
,,,1.2790000,16.0000008E-3,
,,,1.2800001,32.00000152E-3,
,,,1.2810000,32.00000152E-3,
,,,1.2820001,16.0000008E-3,
,,,1.2830001,24.00000021E-3,
,,,1.2840000,16.0000008E-3,
,,,1.2850001,16.0000008E-3,
,,,1.2860000,16.0000008E-3,
,,,1.2870001,8.000000380E-3,
,,,1.2880001,0.0,
,,,1.2890000,16.0000008E-3,
,,,1.2900001,8.000000380E-3,
,,,1.2910000,16.0000008E-3,
,,,1.2920001,16.0000008E-3,
,,,1.2930001,8.000000380E-3,
,,,1.2940000,8.000000380E-3,
,,,1.2950001,8.000000380E-3,
,,,1.2960000,0.0,
,,,1.2970001,16.0000008E-3,
,,,1.2980001,8.000000380E-3,
,,,1.2990000,8.000000380E-3,
,,,1.3000001,0.0,
,,,1.3010001,8.000000380E-3,
,,,1.3020000,-8.000000380E-3,
,,,1.3030001,0.0,
,,,1.3040000,8.000000380E-3,
,,,1.3050001,16.0000008E-3,
,,,1.3060001,8.000000380E-3,
,,,1.3070000,-8.000000380E-3,
,,,1.3080001,8.000000380E-3,
,,,1.3090000,8.000000380E-3,
,,,1.3100001,0.0,
,,,1.3110001,0.0,
,,,1.3120000,8.000000380E-3,
,,,1.3130001,0.0,
,,,1.3140000,-8.000000380E-3,
,,,1.3150001,0.0,
,,,1.3160001,8.000000380E-3,
,,,1.3170000,8.000000380E-3,
,,,1.3180001,8.000000380E-3,
,,,1.3190000,8.000000380E-3,
,,,1.3200001,8.000000380E-3,
,,,1.3210001,8.000000380E-3,
,,,1.3220000,8.000000380E-3,
,,,1.3230001,8.000000380E-3,
,,,1.3240001,8.000000380E-3,
,,,1.3250000,8.000000380E-3,
,,,1.3260001,16.0000008E-3,
,,,1.3270000,16.0000008E-3,
,,,1.3280001,8.000000380E-3,
,,,1.3290001,16.0000008E-3,
,,,1.3300000,16.0000008E-3,
,,,1.3310001,16.0000008E-3,
,,,1.3320000,16.0000008E-3,
,,,1.3330001,24.00000021E-3,
,,,1.3340001,32.00000152E-3,
,,,1.3350000,32.00000152E-3,
,,,1.3360001,48.00000042E-3,
,,,1.3370000,72.000004351E-3,
,,,1.3380001,104.0000021E-3,
,,,1.3390001,160.00001132E-3,
,,,1.3400000,240.00000954E-3,
,,,1.3410001,320.00002265E-3,
,,,1.3420000,368.00003052E-3,
,,,1.3430001,360.00001431E-3,
,,,1.3440001,288.00001740E-3,
,,,1.3450000,224.00000691E-3,
,,,1.3460001,200.00000298E-3,
,,,1.3470001,160.00001132E-3,
,,,1.3480000,136.0000074E-3,
,,,1.3490001,104.0000021E-3,
,,,1.3500000,80.000005662E-3,
,,,1.3510001,72.000004351E-3,
,,,1.3520001,48.00000042E-3,
,,,1.3530000,40.00000283E-3,
,,,1.3540001,32.00000152E-3,
,,,1.3550000,24.00000021E-3,
,,,1.3560001,24.00000021E-3,
,,,1.3570001,24.00000021E-3,
,,,1.3580000,24.00000021E-3,
,,,1.3590001,24.00000021E-3,
,,,1.3600000,24.00000021E-3,
,,,1.3610001,16.0000008E-3,
,,,1.3620001,24.00000021E-3,
,,,1.3630000,32.00000152E-3,
,,,1.3640001,24.00000021E-3,
,,,1.3650000,16.0000008E-3,
,,,1.3660001,8.000000380E-3,
,,,1.3670001,8.000000380E-3,
,,,1.3680000,16.0000008E-3,
,,,1.3690001,8.000000380E-3,
,,,1.3700001,8.000000380E-3,
,,,1.3710001,8.000000380E-3,
,,,1.3720001,0.0,
,,,1.3730000,8.000000380E-3,
,,,1.3740001,8.000000380E-3,
,,,1.3750001,8.000000380E-3,
,,,1.3760000,16.0000008E-3,
,,,1.3770001,0.0,
,,,1.3780000,0.0,
,,,1.3790001,8.000000380E-3,
,,,1.3800001,0.0,
,,,1.3810000,8.000000380E-3,
,,,1.3820001,16.0000008E-3,
,,,1.3830000,8.000000380E-3,
,,,1.3840001,0.0,
,,,1.3850001,8.000000380E-3,
,,,1.3860000,8.000000380E-3,
,,,1.3870001,0.0,
,,,1.3880000,0.0,
,,,1.3890001,8.000000380E-3,
,,,1.3900001,8.000000380E-3,
,,,1.3910000,8.000000380E-3,
,,,1.3920001,0.0,
,,,1.3930000,8.000000380E-3,
,,,1.3940001,8.000000380E-3,
,,,1.3950001,8.000000380E-3,
,,,1.3960000,0.0,
,,,1.3970001,8.000000380E-3,
,,,1.3980001,16.0000008E-3,
,,,1.3990000,16.0000008E-3,
,,,1.4000001,8.000000380E-3,
,,,1.4010000,8.000000380E-3,
,,,1.4020001,16.0000008E-3,
,,,1.4030001,16.0000008E-3,
,,,1.4040000,24.00000021E-3,
,,,1.4050001,32.00000152E-3,
,,,1.4060000,40.00000283E-3,
,,,1.4070001,64.000003040E-3,
,,,1.4080001,112.0000035E-3,
,,,1.4090000,184.00001526E-3,
,,,1.4100001,248.00001085E-3,
,,,1.4110000,248.00001085E-3,
,,,1.4120001,232.00000823E-3,
,,,1.4130001,176.00001395E-3,
,,,1.4140000,128.0000061E-3,
,,,1.4150001,0.0,
,,,1.4160000,0.0,
,,,1.4170001,8.000000380E-3,
,,,1.4180001,0.0,
,,,1.4190000,8.000000380E-3,
,,,1.4200001,8.000000380E-3,
,,,1.4210001,8.000000380E-3,
,,,1.4220001,8.000000380E-3,
,,,1.4230001,0.0,
,,,1.4240000,8.000000380E-3,
,,,1.4250001,0.0,
,,,1.4260001,0.0,
,,,1.4270000,8.000000380E-3,
,,,1.4280001,0.0,
,,,1.4290000,0.0,
,,,1.4300001,0.0,
,,,1.4310001,0.0,
,,,1.4320000,0.0,
,,,1.4330001,0.0,
,,,1.4340000,8.000000380E-3,
,,,1.4350001,8.000000380E-3,
,,,1.4360001,16.0000008E-3,
,,,1.4370000,8.000000380E-3,
,,,1.4380001,16.0000008E-3,
,,,1.4390000,0.0,
,,,1.4400001,8.000000380E-3,
,,,1.4410001,8.000000380E-3,
,,,1.4420000,8.000000380E-3,
,,,1.4430001,8.000000380E-3,
,,,1.4440001,8.000000380E-3,
,,,1.4450001,8.000000380E-3,
,,,1.4460001,8.000000380E-3,
,,,1.4470000,8.000000380E-3,
,,,1.4480001,16.0000008E-3,
,,,1.4490001,24.00000021E-3,
,,,1.4500000,8.000000380E-3,
,,,1.4510001,16.0000008E-3,
,,,1.4520000,16.0000008E-3,
,,,1.4530001,16.0000008E-3,
,,,1.4540001,32.00000152E-3,
,,,1.4550000,24.00000021E-3,
,,,1.4560001,32.00000152E-3,
,,,1.4570000,40.00000283E-3,
,,,1.4580001,40.00000283E-3,
,,,1.4590001,48.00000042E-3,
,,,1.4600000,56.000001729E-3,
,,,1.4610001,64.000003040E-3,
,,,1.4620000,80.000005662E-3,
,,,1.4630001,112.0000035E-3,
,,,1.4640001,120.0000048E-3,
,,,1.4650000,152.00001001E-3,
,,,1.4660001,160.00001132E-3,
,,,1.4670001,160.00001132E-3,
,,,1.4680001,176.00001395E-3,
,,,1.4690001,168.00001264E-3,
,,,1.4700000,152.00001001E-3,
,,,1.4710001,136.0000074E-3,
,,,1.4720001,112.0000035E-3,
,,,1.4730000,112.0000035E-3,
,,,1.4740001,96.000000834E-3,
,,,1.4750000,80.000005662E-3,
,,,1.4760001,64.000003040E-3,
,,,1.4770001,56.000001729E-3,
,,,1.4780000,64.000003040E-3,
,,,1.4790001,48.00000042E-3,
,,,1.4800000,32.00000152E-3,
,,,1.4810001,40.00000283E-3,
,,,1.4820001,32.00000152E-3,
,,,1.4830000,24.00000021E-3,
,,,1.4840001,32.00000152E-3,
,,,1.4850000,24.00000021E-3,
,,,1.4860001,16.0000008E-3,
,,,1.4870001,8.000000380E-3,
,,,1.4880000,16.0000008E-3,
,,,1.4890001,16.0000008E-3,
,,,1.4900001,16.0000008E-3,
,,,1.4910001,8.000000380E-3,
,,,1.4920001,16.0000008E-3,
,,,1.4930000,16.0000008E-3,
,,,1.4940001,8.000000380E-3,
,,,1.4950001,8.000000380E-3,
,,,1.4960001,8.000000380E-3,
,,,1.4970001,8.000000380E-3,
,,,1.4980000,8.000000380E-3,
,,,1.4990001,8.000000380E-3,
,,,1.5000001,8.000000380E-3,
,,,1.5010000,8.000000380E-3,
,,,1.5020001,24.00000021E-3,
,,,1.5030000,8.000000380E-3,
,,,1.5040001,0.0,
,,,1.5050001,8.000000380E-3,
,,,1.5060000,8.000000380E-3,
,,,1.5070001,8.000000380E-3,
,,,1.5080000,8.000000380E-3,
,,,1.5090001,8.000000380E-3,
,,,1.5100001,0.0,
,,,1.5110000,8.000000380E-3,
,,,1.5120001,8.000000380E-3,
,,,1.5130001,0.0,
,,,1.5140001,0.0,
,,,1.5150001,-8.000000380E-3,
,,,1.5160000,8.000000380E-3,
,,,1.5170001,0.0,
,,,1.5180001,16.0000008E-3,
,,,1.5190001,8.000000380E-3,
,,,1.5200001,8.000000380E-3,
,,,1.5210000,8.000000380E-3,
,,,1.5220001,0.0,
,,,1.5230001,8.000000380E-3,
,,,1.5240000,8.000000380E-3,
,,,1.5250001,0.0,
,,,1.5260000,0.0,
,,,1.5270001,0.0,
,,,1.5280001,8.000000380E-3,
,,,1.5290000,8.000000380E-3,
,,,1.5300001,0.0,
,,,1.5310000,8.000000380E-3,
,,,1.5320001,8.000000380E-3,
,,,1.5330001,-8.000000380E-3,
,,,1.5340000,0.0,
,,,1.5350001,0.0,
,,,1.5360000,0.0,
,,,1.5370001,8.000000380E-3,
,,,1.5380001,16.0000008E-3,
,,,1.5390000,16.0000008E-3,
,,,1.5400001,16.0000008E-3,
,,,1.5410001,16.0000008E-3,
,,,1.5420001,16.0000008E-3,
,,,1.5430001,32.00000152E-3,
,,,1.5440000,40.00000283E-3,
,,,1.5450001,40.00000283E-3,
,,,1.5460001,40.00000283E-3,
,,,1.5470001,48.00000042E-3,
,,,1.5480001,48.00000042E-3,
,,,1.5490000,40.00000283E-3,
,,,1.5500001,24.00000021E-3,
,,,1.5510001,32.00000152E-3,
,,,1.5520000,24.00000021E-3,
,,,1.5530001,24.00000021E-3,
,,,1.5540000,8.000000380E-3,
,,,1.5550001,16.0000008E-3,
,,,1.5560001,8.000000380E-3,
,,,1.5570000,8.000000380E-3,
,,,1.5580001,8.000000380E-3,
,,,1.5590000,16.0000008E-3,
,,,1.5600001,0.0,
,,,1.5610001,8.000000380E-3,
,,,1.5620000,0.0,
,,,1.5630001,8.000000380E-3,
,,,1.5640001,0.0,
,,,1.5650001,0.0,
,,,1.5660001,0.0,
,,,1.5670000,0.0,
,,,1.5680001,8.000000380E-3,
,,,1.5690001,0.0,
,,,1.5700001,0.0,
,,,1.5710001,8.000000380E-3,
,,,1.5720000,8.000000380E-3,
,,,1.5730001,-8.000000380E-3,
,,,1.5740001,0.0,
,,,1.5750000,0.0,
,,,1.5760001,8.000000380E-3,
,,,1.5770000,0.0,
,,,1.5780001,0.0,
,,,1.5790001,8.000000380E-3,
,,,1.5800000,8.000000380E-3,
,,,1.5810001,8.000000380E-3,
,,,1.5820000,8.000000380E-3,
,,,1.5830001,0.0,
,,,1.5840001,0.0,
,,,1.5850000,0.0,
,,,1.5860001,8.000000380E-3,
,,,1.5870001,0.0,
,,,1.5880001,8.000000380E-3,
,,,1.5890001,0.0,
,,,1.5900000,0.0,
,,,1.5910001,0.0,
,,,1.5920001,8.000000380E-3,
,,,1.5930001,0.0,
,,,1.5940001,8.000000380E-3,
,,,1.5950000,8.000000380E-3,
,,,1.5960001,0.0,
,,,1.5970001,0.0,
,,,1.5980000,8.000000380E-3,
,,,1.5990001,8.000000380E-3,
,,,1.6000000,8.000000380E-3,
,,,1.6010001,0.0,
,,,1.6020001,8.000000380E-3,
,,,1.6030000,8.000000380E-3,
,,,1.6040001,8.000000380E-3,
,,,1.6050000,0.0,
,,,1.6060001,8.000000380E-3,
,,,1.6070001,16.0000008E-3,
,,,1.6080000,8.000000380E-3,
,,,1.6090001,8.000000380E-3,
,,,1.6100001,8.000000380E-3,
,,,1.6110001,8.000000380E-3,
,,,1.6120001,8.000000380E-3,
,,,1.6130000,0.0,
,,,1.6140001,8.000000380E-3,
,,,1.6150001,0.0,
,,,1.6160001,0.0,
,,,1.6170001,0.0,
,,,1.6180000,0.0,
,,,1.6190001,0.0,
,,,1.6200001,8.000000380E-3,
,,,1.6210001,8.000000380E-3,
,,,1.6220001,8.000000380E-3,
,,,1.6230000,8.000000380E-3,
,,,1.6240001,0.0,
,,,1.6250001,0.0,
,,,1.6260000,8.000000380E-3,
,,,1.6270001,8.000000380E-3,
,,,1.6280000,8.000000380E-3,
,,,1.6290001,16.0000008E-3,
,,,1.6300001,8.000000380E-3,
,,,1.6310000,0.0,
,,,1.6320001,8.000000380E-3,
,,,1.6330001,8.000000380E-3,
,,,1.6340001,8.000000380E-3,
,,,1.6350001,8.000000380E-3,
,,,1.6360000,8.000000380E-3,
,,,1.6370001,16.0000008E-3,
,,,1.6380001,24.00000021E-3,
,,,1.6390001,16.0000008E-3,
,,,1.6400001,32.00000152E-3,
,,,1.6410000,32.00000152E-3,
,,,1.6420001,32.00000152E-3,
,,,1.6430001,48.00000042E-3,
,,,1.6440001,48.00000042E-3,
,,,1.6450001,64.000003040E-3,
,,,1.6460000,56.000001729E-3,
,,,1.6470001,56.000001729E-3,
,,,1.6480001,32.00000152E-3,
,,,1.6490000,32.00000152E-3,
,,,1.6500001,24.00000021E-3,
,,,1.6510000,24.00000021E-3,
,,,1.6520001,24.00000021E-3,
,,,1.6530001,16.0000008E-3,
,,,1.6540000,0.0,
,,,1.6550001,8.000000380E-3,
,,,1.6560001,16.0000008E-3,
,,,1.6570001,8.000000380E-3,
,,,1.6580001,0.0,
,,,1.6590000,8.000000380E-3,
,,,1.6600001,8.000000380E-3,
,,,1.6610001,8.000000380E-3,
,,,1.6620001,8.000000380E-3,
,,,1.6630001,-8.000000380E-3,
,,,1.6640000,8.000000380E-3,
,,,1.6650001,0.0,
,,,1.6660001,0.0,
,,,1.6670001,-8.000000380E-3,
,,,1.6680001,0.0,
,,,1.6690000,0.0,
,,,1.6700001,8.000000380E-3,
,,,1.6710001,0.0,
,,,1.6720001,8.000000380E-3,
,,,1.6730001,8.000000380E-3,
,,,1.6740000,8.000000380E-3,
,,,1.6750001,8.000000380E-3,
,,,1.6760001,0.0,
,,,1.6770000,0.0,
,,,1.6780001,-8.000000380E-3,
,,,1.6790001,0.0,
,,,1.6800001,8.000000380E-3,
,,,1.6810001,8.000000380E-3,
,,,1.6820000,8.000000380E-3,
,,,1.6830001,0.0,
,,,1.6840001,8.000000380E-3,
,,,1.6850001,0.0,
,,,1.6860001,8.000000380E-3,
,,,1.6870000,8.000000380E-3,
,,,1.6880001,0.0,
,,,1.6890001,8.000000380E-3,
,,,1.6900001,8.000000380E-3,
,,,1.6910001,8.000000380E-3,
,,,1.6920000,0.0,
,,,1.6930001,16.0000008E-3,
,,,1.6940001,8.000000380E-3,
,,,1.6950001,8.000000380E-3,
,,,1.6960001,16.0000008E-3,
,,,1.6970000,8.000000380E-3,
,,,1.6980001,8.000000380E-3,
,,,1.6990001,8.000000380E-3,
,,,1.7000000,8.000000380E-3,
,,,1.7010001,16.0000008E-3,
,,,1.7020000,8.000000380E-3,
,,,1.7030001,8.000000380E-3,
,,,1.7040001,8.000000380E-3,
,,,1.7050000,8.000000380E-3,
,,,1.7060001,16.0000008E-3,
,,,1.7070001,16.0000008E-3,
,,,1.7080001,16.0000008E-3,
,,,1.7090001,8.000000380E-3,
,,,1.7100000,16.0000008E-3,
,,,1.7110001,16.0000008E-3,
,,,1.7120001,16.0000008E-3,
,,,1.7130001,16.0000008E-3,
,,,1.7140001,16.0000008E-3,
,,,1.7150000,16.0000008E-3,
,,,1.7160001,24.00000021E-3,
,,,1.7170001,24.00000021E-3,
,,,1.7180001,24.00000021E-3,
,,,1.7190001,32.00000152E-3,
,,,1.7200000,32.00000152E-3,
,,,1.7210001,32.00000152E-3,
,,,1.7220001,48.00000042E-3,
,,,1.7230000,48.00000042E-3,
,,,1.7240001,48.00000042E-3,
,,,1.7250000,64.000003040E-3,
,,,1.7260001,56.000001729E-3,
,,,1.7270001,88.000006974E-3,
,,,1.7280000,88.000006974E-3,
,,,1.7290001,104.0000021E-3,
,,,1.7300001,120.0000048E-3,
,,,1.7310001,128.0000061E-3,
,,,1.7320001,136.0000074E-3,
,,,1.7330000,144.0000087E-3,
,,,1.7340001,160.00001132E-3,
,,,1.7350001,184.00001526E-3,
,,,1.7360001,192.00000167E-3,
,,,1.7370001,192.00000167E-3,
,,,1.7380000,208.00000429E-3,
,,,1.7390001,192.00000167E-3,
,,,1.7400001,168.00001264E-3,
,,,1.7410001,160.00001132E-3,
,,,1.7420001,136.0000074E-3,
,,,1.7430000,120.0000048E-3,
,,,1.7440001,112.0000035E-3,
,,,1.7450001,96.000000834E-3,
,,,1.7460001,80.000005662E-3,
,,,1.7470001,64.000003040E-3,
,,,1.7480000,56.000001729E-3,
,,,1.7490001,40.00000283E-3,
,,,1.7500001,32.00000152E-3,
,,,1.7510000,32.00000152E-3,
,,,1.7520001,32.00000152E-3,
,,,1.7530001,16.0000008E-3,
,,,1.7540001,16.0000008E-3,
,,,1.7550001,24.00000021E-3,
,,,1.7560000,16.0000008E-3,
,,,1.7570001,16.0000008E-3,
,,,1.7580001,16.0000008E-3,
,,,1.7590001,24.00000021E-3,
,,,1.7600001,8.000000380E-3,
,,,1.7610000,16.0000008E-3,
,,,1.7620001,8.000000380E-3,
,,,1.7630001,8.000000380E-3,
,,,1.7640001,8.000000380E-3,
,,,1.7650001,16.0000008E-3,
,,,1.7660000,8.000000380E-3,
,,,1.7670001,8.000000380E-3,
,,,1.7680001,8.000000380E-3,
,,,1.7690001,8.000000380E-3,
,,,1.7700001,16.0000008E-3,
,,,1.7710000,8.000000380E-3,
,,,1.7720001,8.000000380E-3,
,,,1.7730001,16.0000008E-3,
,,,1.7740000,8.000000380E-3,
,,,1.7750001,8.000000380E-3,
,,,1.7760001,8.000000380E-3,
,,,1.7770001,8.000000380E-3,
,,,1.7780001,8.000000380E-3,
,,,1.7790000,8.000000380E-3,
,,,1.7800001,8.000000380E-3,
,,,1.7810001,8.000000380E-3,
,,,1.7820001,8.000000380E-3,
,,,1.7830001,8.000000380E-3,
,,,1.7840000,8.000000380E-3,
,,,1.7850001,16.0000008E-3,
,,,1.7860001,8.000000380E-3,
,,,1.7870001,8.000000380E-3,
,,,1.7880001,8.000000380E-3,
,,,1.7890000,104.0000021E-3,
,,,1.7900001,72.000004351E-3,
,,,1.7910001,48.00000042E-3,
,,,1.7920001,32.00000152E-3,
,,,1.7930001,24.00000021E-3,
,,,1.7940000,24.00000021E-3,
,,,1.7950001,16.0000008E-3,
,,,1.7960001,8.000000380E-3,
,,,1.7970001,16.0000008E-3,
,,,1.7980001,16.0000008E-3,
,,,1.7990001,8.000000380E-3,
,,,1.8000001,8.000000380E-3,
,,,1.8010001,8.000000380E-3,
,,,1.8020000,8.000000380E-3,
,,,1.8030001,16.0000008E-3,
,,,1.8040001,8.000000380E-3,
,,,1.8050001,8.000000380E-3,
,,,1.8060001,8.000000380E-3,
,,,1.8070000,0.0,
,,,1.8080001,8.000000380E-3,
,,,1.8090001,8.000000380E-3,
,,,1.8100001,0.0,
,,,1.8110001,8.000000380E-3,
,,,1.8120000,0.0,
,,,1.8130001,0.0,
,,,1.8140001,0.0,
,,,1.8150001,8.000000380E-3,
,,,1.8160001,8.000000380E-3,
,,,1.8170000,0.0,
,,,1.8180001,8.000000380E-3,
,,,1.8190001,8.000000380E-3,
,,,1.8200001,8.000000380E-3,
,,,1.8210001,8.000000380E-3,
,,,1.8220001,0.0,
,,,1.8230001,8.000000380E-3,
,,,1.8240001,0.0,
,,,1.8250000,8.000000380E-3,
,,,1.8260001,8.000000380E-3,
,,,1.8270001,8.000000380E-3,
,,,1.8280001,16.0000008E-3,
,,,1.8290001,16.0000008E-3,
,,,1.8300000,16.0000008E-3,
,,,1.8310001,8.000000380E-3,
,,,1.8320001,16.0000008E-3,
,,,1.8330001,24.00000021E-3,
,,,1.8340001,24.00000021E-3,
,,,1.8350000,16.0000008E-3,
,,,1.8360001,24.00000021E-3,
,,,1.8370001,32.00000152E-3,
,,,1.8380001,16.0000008E-3,
,,,1.8390001,16.0000008E-3,
,,,1.8400000,24.00000021E-3,
,,,1.8410001,24.00000021E-3,
,,,1.8420001,32.00000152E-3,
,,,1.8430001,24.00000021E-3,
,,,1.8440001,24.00000021E-3,
,,,1.8450000,32.00000152E-3,
,,,1.8460001,32.00000152E-3,
,,,1.8470001,48.00000042E-3,
,,,1.8480000,48.00000042E-3,
,,,1.8490001,56.000001729E-3,
,,,1.8500001,80.000005662E-3,
,,,1.8510001,80.000005662E-3,
,,,1.8520001,120.0000048E-3,
,,,1.8530000,160.00001132E-3,
,,,1.8540001,176.00001395E-3,
,,,1.8550001,232.00000823E-3,
,,,1.8560001,304.00002003E-3,
,,,1.8570001,352.00002789E-3,
,,,1.8580000,408.000022173E-3,
,,,1.8590001,384.00000334E-3,
,,,1.8600001,296.00000381E-3,
,,,1.8610001,208.00000429E-3,
,,,1.8620001,136.0000074E-3,
,,,1.8630000,88.000006974E-3,
,,,1.8640001,56.000001729E-3,
,,,1.8650001,40.00000283E-3,
,,,1.8660001,32.00000152E-3,
,,,1.8670001,32.00000152E-3,
,,,1.8680000,32.00000152E-3,
,,,1.8690001,24.00000021E-3,
,,,1.8700001,16.0000008E-3,
,,,1.8710001,16.0000008E-3,
,,,1.8720001,16.0000008E-3,
,,,1.8730001,16.0000008E-3,
,,,1.8740001,16.0000008E-3,
,,,1.8750001,8.000000380E-3,
,,,1.8760000,16.0000008E-3,
,,,1.8770001,16.0000008E-3,
,,,1.8780001,8.000000380E-3,
,,,1.8790001,16.0000008E-3,
,,,1.8800001,8.000000380E-3,
,,,1.8810000,8.000000380E-3,
,,,1.8820001,8.000000380E-3,
,,,1.8830001,8.000000380E-3,
,,,1.8840001,8.000000380E-3,
,,,1.8850001,8.000000380E-3,
,,,1.8860000,8.000000380E-3,
,,,1.8870001,0.0,
,,,1.8880001,0.0,
,,,1.8890001,8.000000380E-3,
,,,1.8900001,8.000000380E-3,
,,,1.8910000,0.0,
,,,1.8920001,0.0,
,,,1.8930001,16.0000008E-3,
,,,1.8940001,8.000000380E-3,
,,,1.8950001,0.0,
,,,1.8960001,8.000000380E-3,
,,,1.8970001,0.0,
,,,1.8980001,8.000000380E-3,
,,,1.8990000,8.000000380E-3,
,,,1.9000001,8.000000380E-3,
,,,1.9010001,16.0000008E-3,
,,,1.9020001,8.000000380E-3,
,,,1.9030001,8.000000380E-3,
,,,1.9040000,8.000000380E-3,
,,,1.9050001,8.000000380E-3,
,,,1.9060001,8.000000380E-3,
,,,1.9070001,8.000000380E-3,
,,,1.9080001,8.000000380E-3,
,,,1.9090000,8.000000380E-3,
,,,1.9100001,16.0000008E-3,
,,,1.9110001,24.00000021E-3,
,,,1.9120001,8.000000380E-3,
,,,1.9130001,16.0000008E-3,
,,,1.9140000,8.000000380E-3,
,,,1.9150001,8.000000380E-3,
,,,1.9160001,32.00000152E-3,
,,,1.9170001,24.00000021E-3,
,,,1.9180001,24.00000021E-3,
,,,1.9190001,24.00000021E-3,
,,,1.9200001,24.00000021E-3,
,,,1.9210001,32.00000152E-3,
,,,1.9220001,16.0000008E-3,
,,,1.9230001,32.00000152E-3,
,,,1.9240001,32.00000152E-3,
,,,1.9250001,32.00000152E-3,
,,,1.9260001,24.00000021E-3,
,,,1.9270000,24.00000021E-3,
,,,1.9280001,32.00000152E-3,
,,,1.9290001,24.00000021E-3,
,,,1.9300001,32.00000152E-3,
,,,1.9310001,16.0000008E-3,
,,,1.9320000,24.00000021E-3,
,,,1.9330001,32.00000152E-3,
,,,1.9340001,40.00000283E-3,
,,,1.9350001,32.00000152E-3,
,,,1.9360001,40.00000283E-3,
,,,1.9370000,48.00000042E-3,
,,,1.9380001,56.000001729E-3,
,,,1.9390001,64.000003040E-3,
,,,1.9400001,88.000006974E-3,
,,,1.9410001,96.000000834E-3,
,,,1.9420002,128.0000061E-3,
,,,1.9430001,152.00001001E-3,
,,,1.9440001,184.00001526E-3,
,,,1.9450001,216.00000560E-3,
,,,1.9460001,256.00001216E-3,
,,,1.9470001,288.00001740E-3,
,,,1.9480001,360.00001431E-3,
,,,1.9490001,480.000019073E-3,
,,,1.9500000,520.000040531E-3,
,,,1.9510001,560.000002384E-3,
,,,1.9520001,536.000013351E-3,
,,,1.9530001,384.00000334E-3,
,,,1.9540001,288.00001740E-3,
,,,1.9550000,184.00001526E-3,
,,,1.9560001,112.0000035E-3,
,,,1.9570001,96.000000834E-3,
,,,1.9580001,56.000001729E-3,
,,,1.9590001,48.00000042E-3,
,,,1.9600000,48.00000042E-3,
,,,1.9610001,32.00000152E-3,
,,,1.9620001,16.0000008E-3,
,,,1.9630001,32.00000152E-3,
,,,1.9640001,24.00000021E-3,
,,,1.9650002,24.00000021E-3,
,,,1.9660001,24.00000021E-3,
,,,1.9670001,16.0000008E-3,
,,,1.9680001,16.0000008E-3,
,,,1.9690001,24.00000021E-3,
,,,1.9700001,8.000000380E-3,
,,,1.9710001,8.000000380E-3,
,,,1.9720001,16.0000008E-3,
,,,1.9730000,16.0000008E-3,
,,,1.9740001,8.000000380E-3,
,,,1.9750001,0.0,
,,,1.9760001,8.000000380E-3,
,,,1.9770001,16.0000008E-3,
,,,1.9780000,8.000000380E-3,
,,,1.9790001,8.000000380E-3,
,,,1.9800001,8.000000380E-3,
,,,1.9810001,16.0000008E-3,
,,,1.9820001,8.000000380E-3,
,,,1.9830000,8.000000380E-3,
,,,1.9840001,8.000000380E-3,
,,,1.9850001,8.000000380E-3,
,,,1.9860001,8.000000380E-3,
,,,1.9870001,0.0,
,,,1.9880000,8.000000380E-3,
,,,1.9890001,8.000000380E-3,
,,,1.9900001,-8.000000380E-3,
,,,1.9910001,8.000000380E-3,
,,,1.9920001,16.0000008E-3,
,,,1.9930001,8.000000380E-3,
,,,1.9940001,16.0000008E-3,
,,,1.9950001,0.0,
,,,1.9960001,8.000000380E-3,
,,,1.9970001,8.000000380E-3,
,,,1.9980001,8.000000380E-3,
,,,1.9990001,16.0000008E-3,
,,,2.0000000,8.000000380E-3,
,,,2.0010002,8.000000380E-3,
,,,2.0020001,8.000000380E-3,
,,,2.0030000,0.0,
,,,2.0040002,8.000000380E-3,
,,,2.0050001,8.000000380E-3,
,,,2.0060000,8.000000380E-3,
,,,2.0070002,16.0000008E-3,
,,,2.0080001,16.0000008E-3,
,,,2.0090001,16.0000008E-3,
,,,2.0100000,8.000000380E-3,
,,,2.0110002,16.0000008E-3,
,,,2.0120001,16.0000008E-3,
,,,2.0130000,16.0000008E-3,
,,,2.0140002,24.00000021E-3,
,,,2.0150001,16.0000008E-3,
,,,2.0160000,16.0000008E-3,
,,,2.0170002,24.00000021E-3,
,,,2.0180001,32.00000152E-3,
,,,2.0190001,16.0000008E-3,
,,,2.0200000,32.00000152E-3,
,,,2.0210001,24.00000021E-3,
,,,2.0220001,32.00000152E-3,
,,,2.0230000,32.00000152E-3,
,,,2.0240002,32.00000152E-3,
,,,2.0250001,32.00000152E-3,
,,,2.0260000,32.00000152E-3,
,,,2.0270002,32.00000152E-3,
,,,2.0280001,24.00000021E-3,
,,,2.0290000,48.00000042E-3,
,,,2.0300002,32.00000152E-3,
,,,2.0310001,32.00000152E-3,
,,,2.0320001,32.00000152E-3,
,,,2.0330000,32.00000152E-3,
,,,2.0340002,32.00000152E-3,
,,,2.0350001,32.00000152E-3,
,,,2.0360000,32.00000152E-3,
,,,2.0370002,32.00000152E-3,
,,,2.0380001,32.00000152E-3,
,,,2.0390000,32.00000152E-3,
,,,2.0400002,24.00000021E-3,
,,,2.0410001,32.00000152E-3,
,,,2.0420001,32.00000152E-3,
,,,2.0430000,32.00000152E-3,
,,,2.0440001,32.00000152E-3,
,,,2.0450001,32.00000152E-3,
,,,2.0460000,32.00000152E-3,
,,,2.0470002,32.00000152E-3,
,,,2.0480001,24.00000021E-3,
,,,2.0490000,24.00000021E-3,
,,,2.0500002,24.00000021E-3,
,,,2.0510001,16.0000008E-3,
,,,2.0520000,16.0000008E-3,
,,,2.0530002,24.00000021E-3,
,,,2.0540001,8.000000380E-3,
,,,2.0550001,8.000000380E-3,
,,,2.0560000,24.00000021E-3,
,,,2.0570002,8.000000380E-3,
,,,2.0580001,16.0000008E-3,
,,,2.0590000,8.000000380E-3,
,,,2.0600002,16.0000008E-3,
,,,2.0610001,8.000000380E-3,
,,,2.0620000,8.000000380E-3,
,,,2.0630002,8.000000380E-3,
,,,2.0640001,16.0000008E-3,
,,,2.0650001,8.000000380E-3,
,,,2.0660000,8.000000380E-3,
,,,2.0670002,-8.000000380E-3,
,,,2.0680001,8.000000380E-3,
,,,2.0690000,0.0,
,,,2.0700002,8.000000380E-3,
,,,2.0710001,8.000000380E-3,
,,,2.0720000,0.0,
,,,2.0730002,0.0,
,,,2.0740001,8.000000380E-3,
,,,2.0750000,8.000000380E-3,
,,,2.0760002,8.000000380E-3,
,,,2.0770001,8.000000380E-3,
,,,2.0780001,0.0,
,,,2.0790000,8.000000380E-3,
,,,2.0800002,8.000000380E-3,
,,,2.0810001,8.000000380E-3,
,,,2.0820000,8.000000380E-3,
,,,2.0830002,8.000000380E-3,
,,,2.0840001,8.000000380E-3,
,,,2.0850000,8.000000380E-3,
,,,2.0860002,8.000000380E-3,
,,,2.0870001,8.000000380E-3,
,,,2.0880001,8.000000380E-3,
,,,2.0890000,8.000000380E-3,
,,,2.0900002,0.0,
,,,2.0910001,0.0,
,,,2.0920000,8.000000380E-3,
,,,2.0930002,8.000000380E-3,
,,,2.0940001,16.0000008E-3,
,,,2.0950000,8.000000380E-3,
,,,2.0960002,8.000000380E-3,
,,,2.0970001,8.000000380E-3,
,,,2.0980000,16.0000008E-3,
,,,2.0990002,16.0000008E-3,
,,,2.1000001,16.0000008E-3,
,,,2.1010001,24.00000021E-3,
,,,2.1020000,24.00000021E-3,
,,,2.1030002,16.0000008E-3,
,,,2.1040001,24.00000021E-3,
,,,2.1050000,24.00000021E-3,
,,,2.1060002,32.00000152E-3,
,,,2.1070001,16.0000008E-3,
,,,2.1080000,32.00000152E-3,
,,,2.1090002,40.00000283E-3,
,,,2.1100001,56.000001729E-3,
,,,2.1110001,64.000003040E-3,
,,,2.1120000,80.000005662E-3,
,,,2.1130002,104.0000021E-3,
,,,2.1140001,144.0000087E-3,
,,,2.1150000,232.00000823E-3,
,,,2.1160002,312.00000644E-3,
,,,2.1170001,424.000024796E-3,
,,,2.1180000,520.000040531E-3,
,,,2.1190002,552.000045776E-3,
,,,2.1200001,512.000024319E-3,
,,,2.1210001,440.000027418E-3,
,,,2.1220002,376.00001693E-3,
,,,2.1230001,296.00000381E-3,
,,,2.1240001,248.00001085E-3,
,,,2.1250000,208.00000429E-3,
,,,2.1260002,176.00001395E-3,
,,,2.1270001,152.00001001E-3,
,,,2.1280000,128.0000061E-3,
,,,2.1290002,104.0000021E-3,
,,,2.1300001,72.000004351E-3,
,,,2.1310000,64.000003040E-3,
,,,2.1320002,48.00000042E-3,
,,,2.1330001,48.00000042E-3,
,,,2.1340001,40.00000283E-3,
,,,2.1350000,32.00000152E-3,
,,,2.1360002,32.00000152E-3,
,,,2.1370001,32.00000152E-3,
,,,2.1380000,24.00000021E-3,
,,,2.1390002,32.00000152E-3,
,,,2.1400001,32.00000152E-3,
,,,2.1410000,16.0000008E-3,
,,,2.1420002,16.0000008E-3,
,,,2.1430001,24.00000021E-3,
,,,2.1440001,24.00000021E-3,
,,,2.1450002,24.00000021E-3,
,,,2.1460001,32.00000152E-3,
,,,2.1470001,24.00000021E-3,
,,,2.1480000,24.00000021E-3,
,,,2.1490002,24.00000021E-3,
,,,2.1500001,24.00000021E-3,
,,,2.1510000,24.00000021E-3,
,,,2.1520002,24.00000021E-3,
,,,2.1530001,8.000000380E-3,
,,,2.1540000,16.0000008E-3,
,,,2.1550002,8.000000380E-3,
,,,2.1560001,24.00000021E-3,
,,,2.1570001,8.000000380E-3,
,,,2.1580000,24.00000021E-3,
,,,2.1590002,8.000000380E-3,
,,,2.1600001,8.000000380E-3,
,,,2.1610000,8.000000380E-3,
,,,2.1620002,8.000000380E-3,
,,,2.1630001,0.0,
,,,2.1640000,8.000000380E-3,
,,,2.1650002,8.000000380E-3,
,,,2.1660001,0.0,
,,,2.1670001,8.000000380E-3,
,,,2.1680002,8.000000380E-3,
,,,2.1690001,0.0,
,,,2.1700001,8.000000380E-3,
,,,2.1710000,0.0,
,,,2.1720002,8.000000380E-3,
,,,2.1730001,8.000000380E-3,
,,,2.1740000,8.000000380E-3,
,,,2.1750002,0.0,
,,,2.1760001,8.000000380E-3,
,,,2.1770000,0.0,
,,,2.1780002,0.0,
,,,2.1790001,8.000000380E-3,
,,,2.1800001,8.000000380E-3,
,,,2.1810000,8.000000380E-3,
,,,2.1820002,0.0,
,,,2.1830001,8.000000380E-3,
,,,2.1840000,8.000000380E-3,
,,,2.1850002,8.000000380E-3,
,,,2.1860001,16.0000008E-3,
,,,2.1870000,0.0,
,,,2.1880002,8.000000380E-3,
,,,2.1890001,16.0000008E-3,
,,,2.1900001,8.000000380E-3,
,,,2.1910002,16.0000008E-3,
,,,2.1920002,0.0,
,,,2.1930001,16.0000008E-3,
,,,2.1940000,8.000000380E-3,
,,,2.1950002,8.000000380E-3,
,,,2.1960001,24.00000021E-3,
,,,2.1970000,24.00000021E-3,
,,,2.1980002,16.0000008E-3,
,,,2.1990001,24.00000021E-3,
,,,2.2000000,8.000000380E-3,
,,,2.2010002,24.00000021E-3,
,,,2.2020001,24.00000021E-3,
,,,2.2030001,32.00000152E-3,
,,,2.2040000,40.00000283E-3,
,,,2.2050002,40.00000283E-3,
,,,2.2060001,56.000001729E-3,
,,,2.2070000,96.000000834E-3,
,,,2.2080002,152.00001001E-3,
,,,2.2090001,216.00000560E-3,
,,,2.2100000,320.00002265E-3,
,,,2.2110002,376.00001693E-3,
,,,2.2120001,360.00001431E-3,
,,,2.2130001,304.00002003E-3,
,,,2.2140000,248.00001085E-3,
,,,2.2150002,200.00000298E-3,
,,,2.2160001,160.00001132E-3,
,,,2.2170000,120.0000048E-3,
,,,2.2180002,112.0000035E-3,
,,,2.2190001,88.000006974E-3,
,,,2.2200000,64.000003040E-3,
,,,2.2210002,40.00000283E-3,
,,,2.2220001,48.00000042E-3,
,,,2.2230000,32.00000152E-3,
,,,2.2240002,32.00000152E-3,
,,,2.2250001,32.00000152E-3,
,,,2.2260001,24.00000021E-3,
,,,2.2270000,24.00000021E-3,
,,,2.2280002,24.00000021E-3,
,,,2.2290001,32.00000152E-3,
,,,2.2300000,16.0000008E-3,
,,,2.2310002,24.00000021E-3,
,,,2.2320001,16.0000008E-3,
,,,2.2330000,16.0000008E-3,
,,,2.2340002,32.00000152E-3,
,,,2.2350001,24.00000021E-3,
,,,2.2360001,24.00000021E-3,
,,,2.2370000,8.000000380E-3,
,,,2.2380002,16.0000008E-3,
,,,2.2390001,16.0000008E-3,
,,,2.2400000,8.000000380E-3,
,,,2.2410002,8.000000380E-3,
,,,2.2420001,8.000000380E-3,
,,,2.2430000,8.000000380E-3,
,,,2.2440002,0.0,
,,,2.2450001,8.000000380E-3,
,,,2.2460001,8.000000380E-3,
,,,2.2470002,0.0,
,,,2.2480001,0.0,
,,,2.2490001,0.0,
,,,2.2500000,8.000000380E-3,
,,,2.2510002,0.0,
,,,2.2520001,-8.000000380E-3,
,,,2.2530000,8.000000380E-3,
,,,2.2540002,8.000000380E-3,
,,,2.2550001,8.000000380E-3,
,,,2.2560000,8.000000380E-3,
,,,2.2570002,-8.000000380E-3,
,,,2.2580001,8.000000380E-3,
,,,2.2590001,0.0,
,,,2.2600000,8.000000380E-3,
,,,2.2610002,8.000000380E-3,
,,,2.2620001,0.0,
,,,2.2630000,16.0000008E-3,
,,,2.2640002,8.000000380E-3,
,,,2.2650001,8.000000380E-3,
,,,2.2660000,8.000000380E-3,
,,,2.2670002,8.000000380E-3,
,,,2.2680001,16.0000008E-3,
,,,2.2690001,16.0000008E-3,
,,,2.2700002,16.0000008E-3,
,,,2.2710001,24.00000021E-3,
,,,2.2720001,16.0000008E-3,
,,,2.2730000,32.00000152E-3,
,,,2.2740002,32.00000152E-3,
,,,2.2750001,40.00000283E-3,
,,,2.2760000,56.000001729E-3,
,,,2.2770002,120.0000048E-3,
,,,2.2780001,160.00001132E-3,
,,,2.2790000,240.00000954E-3,
,,,2.2800002,263.99999857E-3,
,,,2.2810001,224.00000691E-3,
,,,2.2820001,176.00001395E-3,
,,,2.2830000,136.0000074E-3,
,,,2.2840002,8.000000380E-3,
,,,2.2850001,0.0,
,,,2.2860000,8.000000380E-3,
,,,2.2870002,8.000000380E-3,
,,,2.2880001,8.000000380E-3,
,,,2.2890000,0.0,
,,,2.2900002,0.0,
,,,2.2910001,8.000000380E-3,
,,,2.2920001,8.000000380E-3,
,,,2.2930002,8.000000380E-3,
,,,2.2940001,8.000000380E-3,
,,,2.2950001,8.000000380E-3,
,,,2.2960000,0.0,
,,,2.2970002,8.000000380E-3,
,,,2.2980001,0.0,
,,,2.2990000,16.0000008E-3,
,,,2.3000002,0.0,
,,,2.3010001,8.000000380E-3,
,,,2.3020000,16.0000008E-3,
,,,2.3030002,8.000000380E-3,
,,,2.3040001,8.000000380E-3,
,,,2.3050001,0.0,
,,,2.3060000,8.000000380E-3,
,,,2.3070002,8.000000380E-3,
,,,2.3080001,8.000000380E-3,
,,,2.3090000,8.000000380E-3,
,,,2.3100002,8.000000380E-3,
,,,2.3110001,8.000000380E-3,
,,,2.3120000,8.000000380E-3,
,,,2.3130002,8.000000380E-3,
,,,2.3140001,8.000000380E-3,
,,,2.3150001,16.0000008E-3,
,,,2.3160002,8.000000380E-3,
,,,2.3170002,8.000000380E-3,
,,,2.3180001,16.0000008E-3,
,,,2.3190000,8.000000380E-3,
,,,2.3200002,8.000000380E-3,
,,,2.3210001,24.00000021E-3,
,,,2.3220000,24.00000021E-3,
,,,2.3230002,16.0000008E-3,
,,,2.3240001,24.00000021E-3,
,,,2.3250000,32.00000152E-3,
,,,2.3260002,40.00000283E-3,
,,,2.3270001,40.00000283E-3,
,,,2.3280001,40.00000283E-3,
,,,2.3290000,56.000001729E-3,
,,,2.3300002,80.000005662E-3,
,,,2.3310001,80.000005662E-3,
,,,2.3320000,104.0000021E-3,
,,,2.3330002,136.0000074E-3,
,,,2.3340001,144.0000087E-3,
,,,2.3350000,160.00001132E-3,
,,,2.3360002,168.00001264E-3,
,,,2.3370001,168.00001264E-3,
,,,2.3380001,152.00001001E-3,
,,,2.3390002,144.0000087E-3,
,,,2.3400002,136.0000074E-3,
,,,2.3410001,112.0000035E-3,
,,,2.3420000,112.0000035E-3,
,,,2.3430002,96.000000834E-3,
,,,2.3440001,72.000004351E-3,
,,,2.3450000,72.000004351E-3,
,,,2.3460002,56.000001729E-3,
,,,2.3470001,56.000001729E-3,
,,,2.3480000,56.000001729E-3,
,,,2.3490002,40.00000283E-3,
,,,2.3500001,32.00000152E-3,
,,,2.3510001,32.00000152E-3,
,,,2.3520000,32.00000152E-3,
,,,2.3530002,24.00000021E-3,
,,,2.3540001,24.00000021E-3,
,,,2.3550000,8.000000380E-3,
,,,2.3560002,16.0000008E-3,
,,,2.3570001,24.00000021E-3,
,,,2.3580000,16.0000008E-3,
,,,2.3590002,16.0000008E-3,
,,,2.3600001,16.0000008E-3,
,,,2.3610001,16.0000008E-3,
,,,2.3620002,16.0000008E-3,
,,,2.3630002,8.000000380E-3,
,,,2.3640001,16.0000008E-3,
,,,2.3650000,8.000000380E-3,
,,,2.3660002,16.0000008E-3,
,,,2.3670001,16.0000008E-3,
,,,2.3680000,8.000000380E-3,
,,,2.3690002,8.000000380E-3,
,,,2.3700001,0.0,
,,,2.3710001,8.000000380E-3,
,,,2.3720002,16.0000008E-3,
,,,2.3730001,8.000000380E-3,
,,,2.3740001,0.0,
,,,2.3750000,8.000000380E-3,
,,,2.3760002,16.0000008E-3,
,,,2.3770001,0.0,
,,,2.3780000,8.000000380E-3,
,,,2.3790002,8.000000380E-3,
,,,2.3800001,8.000000380E-3,
,,,2.3810000,-8.000000380E-3,
,,,2.3820002,-8.000000380E-3,
,,,2.3830001,0.0,
,,,2.3840001,16.0000008E-3,
,,,2.3850002,8.000000380E-3,
,,,2.3860002,0.0,
,,,2.3870001,0.0,
,,,2.3880000,8.000000380E-3,
,,,2.3890002,0.0,
,,,2.3900001,0.0,
,,,2.3910000,8.000000380E-3,
,,,2.3920002,0.0,
,,,2.3930001,0.0,
,,,2.3940001,0.0,
,,,2.3950002,8.000000380E-3,
,,,2.3960001,8.000000380E-3,
,,,2.3970001,8.000000380E-3,
,,,2.3980000,8.000000380E-3,
,,,2.3990002,8.000000380E-3,
,,,2.4000001,16.0000008E-3,
,,,2.4010000,8.000000380E-3,
,,,2.4020002,8.000000380E-3,
,,,2.4030001,16.0000008E-3,
,,,2.4040000,8.000000380E-3,
,,,2.4050002,8.000000380E-3,
,,,2.4060001,8.000000380E-3,
,,,2.4070001,8.000000380E-3,
,,,2.4080002,8.000000380E-3,
,,,2.4090002,8.000000380E-3,
,,,2.4100001,16.0000008E-3,
,,,2.4110000,16.0000008E-3,
,,,2.4120002,32.00000152E-3,
,,,2.4130001,40.00000283E-3,
,,,2.4140000,40.00000283E-3,
,,,2.4150002,56.000001729E-3,
,,,2.4160001,48.00000042E-3,
,,,2.4170001,32.00000152E-3,
,,,2.4180002,32.00000152E-3,
,,,2.4190001,24.00000021E-3,
,,,2.4200001,16.0000008E-3,
,,,2.4210000,8.000000380E-3,
,,,2.4220002,24.00000021E-3,
,,,2.4230001,16.0000008E-3,
,,,2.4240000,8.000000380E-3,
,,,2.4250002,8.000000380E-3,
,,,2.4260001,8.000000380E-3,
,,,2.4270000,0.0,
,,,2.4280002,8.000000380E-3,
,,,2.4290001,8.000000380E-3,
,,,2.4300001,8.000000380E-3,
,,,2.4310002,8.000000380E-3,
,,,2.4320002,0.0,
,,,2.4330001,0.0,
,,,2.4340000,0.0,
,,,2.4350002,0.0,
,,,2.4360001,0.0,
,,,2.4370000,8.000000380E-3,
,,,2.4380002,8.000000380E-3,
,,,2.4390001,8.000000380E-3,
,,,2.4400001,8.000000380E-3,
,,,2.4410002,0.0,
,,,2.4420002,0.0,
,,,2.4430001,0.0,
,,,2.4440000,8.000000380E-3,
,,,2.4450002,0.0,
,,,2.4460001,0.0,
,,,2.4470000,8.000000380E-3,
,,,2.4480002,8.000000380E-3,
,,,2.4490001,0.0,
,,,2.4500000,0.0,
,,,2.4510002,0.0,
,,,2.4520001,8.000000380E-3,
,,,2.4530001,8.000000380E-3,
,,,2.4540002,8.000000380E-3,
,,,2.4550002,8.000000380E-3,
,,,2.4560001,0.0,
,,,2.4570000,0.0,
,,,2.4580002,8.000000380E-3,
,,,2.4590001,8.000000380E-3,
,,,2.4600000,-8.000000380E-3,
,,,2.4610002,8.000000380E-3,
,,,2.4620001,0.0,
,,,2.4630001,-8.000000380E-3,
,,,2.4640002,0.0,
,,,2.4650002,8.000000380E-3,
,,,2.4660001,0.0,
,,,2.4670000,0.0,
,,,2.4680002,0.0,
,,,2.4690001,0.0,
,,,2.4700000,0.0,
,,,2.4710002,-8.000000380E-3,
,,,2.4720001,0.0,
,,,2.4730000,8.000000380E-3,
,,,2.4740002,8.000000380E-3,
,,,2.4750001,8.000000380E-3,
,,,2.4760001,0.0,
,,,2.4770002,-8.000000380E-3,
,,,2.4780002,8.000000380E-3,
,,,2.4790001,8.000000380E-3,
,,,2.4800000,8.000000380E-3,
,,,2.4810002,8.000000380E-3,
,,,2.4820001,8.000000380E-3,
,,,2.4830000,8.000000380E-3,
,,,2.4840002,-8.000000380E-3,
,,,2.4850001,8.000000380E-3,
,,,2.4860001,8.000000380E-3,
,,,2.4870002,8.000000380E-3,
,,,2.4880002,8.000000380E-3,
,,,2.4890001,8.000000380E-3,
,,,2.4900000,16.0000008E-3,
,,,2.4910002,0.0,
,,,2.4920001,-8.000000380E-3,
,,,2.4930000,0.0,
,,,2.4940002,8.000000380E-3,
,,,2.4950001,8.000000380E-3,
,,,2.4960001,8.000000380E-3,
,,,2.4970002,8.000000380E-3,
,,,2.4980001,0.0,
,,,2.4990001,8.000000380E-3,
