Record Length,2500,Points,0.0,-400.00000596E-3,
Sample Interval,4.00000019E-3,s,4.00000019E-3,-400.00000596E-3,
Trigger Point,0.0,Samples,8.000000380E-3,-400.00000596E-3,
,,,12.0000001E-3,-400.00000596E-3,
,,,16.0000008E-3,-400.00000596E-3,
,,,20.0000014E-3,-400.00000596E-3,
Source,CH2,,24.00000021E-3,-400.00000596E-3,
Vertical Units,Volts,,28.00000086E-3,-400.00000596E-3,
Vertical Scale,100.0000047E-3,,32.00000152E-3,-400.00000596E-3,
Vertical Offset,0,,36.00000218E-3,-400.00000596E-3,
Horizontal Units,s,,40.00000283E-3,-400.00000596E-3,
Horizontal Scale,1.0000000,,44.00000349E-3,-400.00000596E-3,
Pt Fmt,Y,,48.00000042E-3,-400.00000596E-3,
Yzero,-1.1200000,,52.00000107E-3,-400.00000596E-3,
Probe Atten,10.0000000,,56.000001729E-3,-400.00000596E-3,
,,,60.000002384E-3,-400.00000596E-3,
Note,TBS 1104 - 4:33:23 PM   8/13/2018,,64.000003040E-3,-400.00000596E-3,
,,,68.000003695E-3,-400.00000596E-3,
,,,72.000004351E-3,-400.00000596E-3,
,,,76.000005007E-3,-400.00000596E-3,
,,,80.000005662E-3,-400.00000596E-3,
,,,84.000006318E-3,-400.00000596E-3,
,,,88.000006974E-3,-400.00000596E-3,
,,,92.000007629E-3,-400.00000596E-3,
,,,96.000000834E-3,-400.00000596E-3,
,,,100.0000015E-3,-400.00000596E-3,
,,,104.0000021E-3,-400.00000596E-3,
,,,108.0000028E-3,-400.00000596E-3,
,,,112.0000035E-3,-400.00000596E-3,
,,,116.0000041E-3,-400.00000596E-3,
,,,120.0000048E-3,-400.00000596E-3,
,,,124.0000054E-3,-400.00000596E-3,
,,,128.0000061E-3,-400.00000596E-3,
,,,131.9999993E-3,-400.00000596E-3,
,,,136.0000074E-3,-400.00000596E-3,
,,,140.0000006E-3,-400.00000596E-3,
,,,144.0000087E-3,-400.00000596E-3,
,,,148.0000019E-3,-400.00000596E-3,
,,,152.00001001E-3,-400.00000596E-3,
,,,156.00000322E-3,-400.00000596E-3,
,,,160.00001132E-3,-400.00000596E-3,
,,,164.00000453E-3,-400.00000596E-3,
,,,168.00001264E-3,-400.00000596E-3,
,,,172.00000584E-3,-400.00000596E-3,
,,,176.00001395E-3,-400.00000596E-3,
,,,180.00000715E-3,-400.00000596E-3,
,,,184.00001526E-3,-400.00000596E-3,
,,,188.00000846E-3,-400.00000596E-3,
,,,192.00000167E-3,-400.00000596E-3,
,,,196.00000978E-3,-400.00000596E-3,
,,,200.00000298E-3,-400.00000596E-3,
,,,204.00001109E-3,-400.00000596E-3,
,,,208.00000429E-3,-400.00000596E-3,
,,,212.00001240E-3,-400.00000596E-3,
,,,216.00000560E-3,-400.00000596E-3,
,,,220.00001371E-3,-400.00000596E-3,
,,,224.00000691E-3,-400.00000596E-3,
,,,228.00001502E-3,-400.00000596E-3,
,,,232.00000823E-3,-400.00000596E-3,
,,,236.00001633E-3,-400.00000596E-3,
,,,240.00000954E-3,-400.00000596E-3,
,,,244.00001764E-3,-400.00000596E-3,
,,,248.00001085E-3,-400.00000596E-3,
,,,252.00000405E-3,-400.00000596E-3,
,,,256.00001216E-3,-400.00000596E-3,
,,,260.00002027E-3,-400.00000596E-3,
,,,263.99999857E-3,-400.00000596E-3,
,,,268.00000668E-3,-400.00000596E-3,
,,,272.00001478E-3,-400.00000596E-3,
,,,276.00002289E-3,-400.00000596E-3,
,,,280.00000119E-3,-400.00000596E-3,
,,,284.00000930E-3,-400.00000596E-3,
,,,288.00001740E-3,-400.00000596E-3,
,,,292.00002551E-3,-400.00000596E-3,
,,,296.00000381E-3,-400.00000596E-3,
,,,300.00001192E-3,-400.00000596E-3,
,,,304.00002003E-3,-400.00000596E-3,
,,,308.00002813E-3,-400.00000596E-3,
,,,312.00000644E-3,-400.00000596E-3,
,,,316.00001454E-3,-400.00000596E-3,
,,,320.00002265E-3,-400.00000596E-3,
,,,324.00000095E-3,-400.00000596E-3,
,,,328.00000906E-3,-400.00000596E-3,
,,,332.00001717E-3,-400.00000596E-3,
,,,336.00002527E-3,28.00000086E-3,
,,,340.00000358E-3,24.00000021E-3,
,,,344.00001168E-3,16.0000008E-3,
,,,348.00001979E-3,12.0000001E-3,
,,,352.00002789E-3,8.000000380E-3,
,,,356.00000620E-3,16.0000008E-3,
,,,360.00001431E-3,20.0000014E-3,
,,,364.00002241E-3,8.000000380E-3,
,,,368.00003052E-3,8.000000380E-3,
,,,372.00000882E-3,8.000000380E-3,
,,,376.00001693E-3,12.0000001E-3,
,,,380.00002503E-3,12.0000001E-3,
,,,384.00000334E-3,12.0000001E-3,
,,,388.00001144E-3,16.0000008E-3,
,,,392.00001955E-3,12.0000001E-3,
,,,396.00002766E-3,16.0000008E-3,
,,,400.00000596E-3,16.0000008E-3,
,,,404.000014067E-3,8.000000380E-3,
,,,408.000022173E-3,12.0000001E-3,
,,,412.000030279E-3,0.0,
,,,416.000008583E-3,12.0000001E-3,
,,,420.000016689E-3,8.000000380E-3,
,,,424.000024796E-3,12.0000001E-3,
,,,428.000032902E-3,12.0000001E-3,
,,,432.000011206E-3,12.0000001E-3,
,,,436.000019312E-3,12.0000001E-3,
,,,440.000027418E-3,8.000000380E-3,
,,,444.000035524E-3,12.0000001E-3,
,,,448.000013828E-3,4.00000019E-3,
,,,452.000021935E-3,16.0000008E-3,
,,,456.000030041E-3,8.000000380E-3,
,,,460.000008345E-3,8.000000380E-3,
,,,464.000016451E-3,12.0000001E-3,
,,,468.000024557E-3,12.0000001E-3,
,,,472.000032663E-3,4.00000019E-3,
,,,476.000010967E-3,8.000000380E-3,
,,,480.000019073E-3,8.000000380E-3,
,,,484.000027180E-3,12.0000001E-3,
,,,488.000035286E-3,8.000000380E-3,
,,,492.000013590E-3,12.0000001E-3,
,,,496.000021696E-3,12.0000001E-3,
,,,500.000000000E-3,8.000000380E-3,
,,,504.000008106E-3,8.000000380E-3,
,,,508.000016212E-3,4.00000019E-3,
,,,512.000024319E-3,8.000000380E-3,
,,,516.000032425E-3,0.0,
,,,520.000040531E-3,12.0000001E-3,
,,,524.000048637E-3,12.0000001E-3,
,,,527.999997139E-3,12.0000001E-3,
,,,532.000005245E-3,16.0000008E-3,
,,,536.000013351E-3,4.00000019E-3,
,,,540.000021458E-3,12.0000001E-3,
,,,544.000029564E-3,8.000000380E-3,
,,,548.000037670E-3,12.0000001E-3,
,,,552.000045776E-3,4.00000019E-3,
,,,556.000053883E-3,12.0000001E-3,
,,,560.000002384E-3,16.0000008E-3,
,,,564.000010490E-3,8.000000380E-3,
,,,568.000018597E-3,12.0000001E-3,
,,,572.000026703E-3,8.000000380E-3,
,,,576.000034809E-3,8.000000380E-3,
,,,580.000042915E-3,8.000000380E-3,
,,,584.000051022E-3,12.0000001E-3,
,,,587.999999523E-3,8.000000380E-3,
,,,592.000007629E-3,16.0000008E-3,
,,,596.000015736E-3,16.0000008E-3,
,,,600.000023842E-3,12.0000001E-3,
,,,604.000031948E-3,4.00000019E-3,
,,,608.000040054E-3,4.00000019E-3,
,,,612.000048161E-3,8.000000380E-3,
,,,616.000056267E-3,20.0000014E-3,
,,,620.000004768E-3,8.000000380E-3,
,,,624.000012875E-3,20.0000014E-3,
,,,628.000020981E-3,12.0000001E-3,
,,,632.000029087E-3,8.000000380E-3,
,,,636.000037193E-3,12.0000001E-3,
,,,640.000045300E-3,16.0000008E-3,
,,,644.000053406E-3,12.0000001E-3,
,,,648.000001907E-3,16.0000008E-3,
,,,652.000010014E-3,8.000000380E-3,
,,,656.000018120E-3,12.0000001E-3,
,,,660.000026226E-3,8.000000380E-3,
,,,664.000034332E-3,8.000000380E-3,
,,,668.000042439E-3,8.000000380E-3,
,,,672.000050545E-3,8.000000380E-3,
,,,676.000058651E-3,16.0000008E-3,
,,,680.000007153E-3,8.000000380E-3,
,,,684.000015259E-3,12.0000001E-3,
,,,688.000023365E-3,12.0000001E-3,
,,,692.000031471E-3,12.0000001E-3,
,,,696.000039577E-3,8.000000380E-3,
,,,700.000047684E-3,8.000000380E-3,
,,,704.000055790E-3,12.0000001E-3,
,,,708.000004292E-3,12.0000001E-3,
,,,712.000012398E-3,12.0000001E-3,
,,,716.000020504E-3,8.000000380E-3,
,,,720.000028610E-3,16.0000008E-3,
,,,724.000036716E-3,12.0000001E-3,
,,,728.000044823E-3,8.000000380E-3,
,,,732.000052929E-3,8.000000380E-3,
,,,736.000061035E-3,8.000000380E-3,
,,,740.000009537E-3,8.000000380E-3,
,,,744.000017643E-3,8.000000380E-3,
,,,748.000025749E-3,8.000000380E-3,
,,,752.000033855E-3,12.0000001E-3,
,,,756.000041962E-3,0.0,
,,,760.000050068E-3,8.000000380E-3,
,,,764.000058174E-3,8.000000380E-3,
,,,768.000006676E-3,12.0000001E-3,
,,,772.000014782E-3,8.000000380E-3,
,,,776.000022888E-3,4.00000019E-3,
,,,780.000030994E-3,16.0000008E-3,
,,,784.000039101E-3,8.000000380E-3,
,,,788.000047207E-3,8.000000380E-3,
,,,792.000055313E-3,4.00000019E-3,
,,,796.000063419E-3,12.0000001E-3,
,,,800.000011921E-3,8.000000380E-3,
,,,804.000020027E-3,12.0000001E-3,
,,,808.000028133E-3,8.000000380E-3,
,,,812.000036240E-3,16.0000008E-3,
,,,816.000044346E-3,12.0000001E-3,
,,,820.000052452E-3,8.000000380E-3,
,,,824.000060558E-3,12.0000001E-3,
,,,828.000068665E-3,12.0000001E-3,
,,,832.000017166E-3,4.00000019E-3,
,,,836.000025272E-3,8.000000380E-3,
,,,840.000033379E-3,8.000000380E-3,
,,,844.000041485E-3,16.0000008E-3,
,,,848.000049591E-3,8.000000380E-3,
,,,852.000057697E-3,16.0000008E-3,
,,,856.000065804E-3,8.000000380E-3,
,,,860.000014305E-3,8.000000380E-3,
,,,864.000022411E-3,12.0000001E-3,
,,,868.000030518E-3,8.000000380E-3,
,,,872.000038624E-3,8.000000380E-3,
,,,876.000046730E-3,8.000000380E-3,
,,,880.000054836E-3,4.00000019E-3,
,,,884.000062943E-3,4.00000019E-3,
,,,888.000071049E-3,12.0000001E-3,
,,,892.000019550E-3,8.000000380E-3,
,,,896.000027657E-3,12.0000001E-3,
,,,900.000035763E-3,8.000000380E-3,
,,,904.000043869E-3,12.0000001E-3,
,,,908.000051975E-3,8.000000380E-3,
,,,912.000060081E-3,12.0000001E-3,
,,,916.000068188E-3,8.000000380E-3,
,,,920.000016689E-3,8.000000380E-3,
,,,924.000024796E-3,8.000000380E-3,
,,,928.000032902E-3,0.0,
,,,932.000041008E-3,8.000000380E-3,
,,,936.000049114E-3,4.00000019E-3,
,,,940.000057220E-3,8.000000380E-3,
,,,944.000065327E-3,8.000000380E-3,
,,,948.000073433E-3,12.0000001E-3,
,,,952.000021935E-3,12.0000001E-3,
,,,956.000030041E-3,12.0000001E-3,
,,,960.000038147E-3,8.000000380E-3,
,,,964.000046253E-3,4.00000019E-3,
,,,968.000054359E-3,4.00000019E-3,
,,,972.000062466E-3,12.0000001E-3,
,,,976.000070572E-3,0.0,
,,,980.000019073E-3,8.000000380E-3,
,,,984.000027180E-3,8.000000380E-3,
,,,988.000035286E-3,4.00000019E-3,
,,,992.000043392E-3,8.000000380E-3,
,,,996.000051498E-3,0.0,
,,,1.000000,12.0000001E-3,
,,,1.0040001,16.0000008E-3,
,,,1.0080000,8.000000380E-3,
,,,1.0120001,12.0000001E-3,
,,,1.0160000,12.0000001E-3,
,,,1.0200001,16.0000008E-3,
,,,1.0240000,8.000000380E-3,
,,,1.0280000,12.0000001E-3,
,,,1.0320001,8.000000380E-3,
,,,1.0360000,8.000000380E-3,
,,,1.0400001,8.000000380E-3,
,,,1.0440000,8.000000380E-3,
,,,1.0480001,8.000000380E-3,
,,,1.0520000,4.00000019E-3,
,,,1.0560000,12.0000001E-3,
,,,1.0600001,8.000000380E-3,
,,,1.0640000,12.0000001E-3,
,,,1.0680001,12.0000001E-3,
,,,1.0720000,12.0000001E-3,
,,,1.0760001,4.00000019E-3,
,,,1.0800000,4.00000019E-3,
,,,1.0840001,8.000000380E-3,
,,,1.0880001,12.0000001E-3,
,,,1.0920000,16.0000008E-3,
,,,1.0960001,16.0000008E-3,
,,,1.1000000,12.0000001E-3,
,,,1.1040001,8.000000380E-3,
,,,1.1080000,12.0000001E-3,
,,,1.1120001,4.00000019E-3,
,,,1.1160001,16.0000008E-3,
,,,1.1200000,8.000000380E-3,
,,,1.1240001,16.0000008E-3,
,,,1.1280000,12.0000001E-3,
,,,1.1320001,12.0000001E-3,
,,,1.1360000,8.000000380E-3,
,,,1.1400001,12.0000001E-3,
,,,1.1440001,12.0000001E-3,
,,,1.1480000,12.0000001E-3,
,,,1.1520001,8.000000380E-3,
,,,1.1560000,8.000000380E-3,
,,,1.1600001,8.000000380E-3,
,,,1.1640000,8.000000380E-3,
,,,1.1680001,8.000000380E-3,
,,,1.1720001,8.000000380E-3,
,,,1.1760000,8.000000380E-3,
,,,1.1800001,12.0000001E-3,
,,,1.1840000,12.0000001E-3,
,,,1.1880001,20.0000014E-3,
,,,1.1920000,4.00000019E-3,
,,,1.1960001,20.0000014E-3,
,,,1.2000000,12.0000001E-3,
,,,1.2040001,8.000000380E-3,
,,,1.2080001,8.000000380E-3,
,,,1.2120000,12.0000001E-3,
,,,1.2160001,12.0000001E-3,
,,,1.2200000,20.0000014E-3,
,,,1.2240001,16.0000008E-3,
,,,1.2280000,12.0000001E-3,
,,,1.2320001,16.0000008E-3,
,,,1.2360001,12.0000001E-3,
,,,1.2400000,8.000000380E-3,
,,,1.2440001,12.0000001E-3,
,,,1.2480000,8.000000380E-3,
,,,1.2520001,16.0000008E-3,
,,,1.2560000,12.0000001E-3,
,,,1.2600001,8.000000380E-3,
,,,1.2640001,16.0000008E-3,
,,,1.2680000,20.0000014E-3,
,,,1.2720001,12.0000001E-3,
,,,1.2760000,16.0000008E-3,
,,,1.2800001,8.000000380E-3,
,,,1.2840000,12.0000001E-3,
,,,1.2880001,8.000000380E-3,
,,,1.2920001,24.00000021E-3,
,,,1.2960000,16.0000008E-3,
,,,1.3000001,8.000000380E-3,
,,,1.3040000,12.0000001E-3,
,,,1.3080001,16.0000008E-3,
,,,1.3120000,12.0000001E-3,
,,,1.3160001,16.0000008E-3,
,,,1.3200001,12.0000001E-3,
,,,1.3240001,20.0000014E-3,
,,,1.3280001,24.00000021E-3,
,,,1.3320000,8.000000380E-3,
,,,1.3360001,4.00000019E-3,
,,,1.3400000,8.000000380E-3,
,,,1.3440001,12.0000001E-3,
,,,1.3480000,12.0000001E-3,
,,,1.3520001,16.0000008E-3,
,,,1.3560001,20.0000014E-3,
,,,1.3600000,12.0000001E-3,
,,,1.3640001,12.0000001E-3,
,,,1.3680000,8.000000380E-3,
,,,1.3720001,16.0000008E-3,
,,,1.3760000,28.00000086E-3,
,,,1.3800001,16.0000008E-3,
,,,1.3840001,24.00000021E-3,
,,,1.3880000,16.0000008E-3,
,,,1.3920001,24.00000021E-3,
,,,1.3960000,24.00000021E-3,
,,,1.4000001,20.0000014E-3,
,,,1.4040000,24.00000021E-3,
,,,1.4080001,12.0000001E-3,
,,,1.4120001,20.0000014E-3,
,,,1.4160000,24.00000021E-3,
,,,1.4200001,24.00000021E-3,
,,,1.4240000,24.00000021E-3,
,,,1.4280001,20.0000014E-3,
,,,1.4320000,16.0000008E-3,
,,,1.4360001,20.0000014E-3,
,,,1.4400001,24.00000021E-3,
,,,1.4440001,20.0000014E-3,
,,,1.4480001,20.0000014E-3,
,,,1.4520000,20.0000014E-3,
,,,1.4560001,28.00000086E-3,
,,,1.4600000,28.00000086E-3,
,,,1.4640001,28.00000086E-3,
,,,1.4680001,32.00000152E-3,
,,,1.4720001,32.00000152E-3,
,,,1.4760001,28.00000086E-3,
,,,1.4800000,40.00000283E-3,
,,,1.4840001,36.00000218E-3,
,,,1.4880000,36.00000218E-3,
,,,1.4920001,40.00000283E-3,
,,,1.4960001,36.00000218E-3,
,,,1.5000001,48.00000042E-3,
,,,1.5040001,44.00000349E-3,
,,,1.5080000,44.00000349E-3,
,,,1.5120001,52.00000107E-3,
,,,1.5160000,48.00000042E-3,
,,,1.5200001,56.000001729E-3,
,,,1.5240000,60.000002384E-3,
,,,1.5280001,56.000001729E-3,
,,,1.5320001,68.000003695E-3,
,,,1.5360000,72.000004351E-3,
,,,1.5400001,92.000007629E-3,
,,,1.5440000,96.000000834E-3,
,,,1.5480001,100.0000015E-3,
,,,1.5520000,112.0000035E-3,
,,,1.5560001,128.0000061E-3,
,,,1.5600001,140.0000006E-3,
,,,1.5640001,144.0000087E-3,
,,,1.5680001,180.00000715E-3,
,,,1.5720000,168.00001264E-3,
,,,1.5760001,196.00000978E-3,
,,,1.5800000,204.00001109E-3,
,,,1.5840001,220.00001371E-3,
,,,1.5880001,248.00001085E-3,
,,,1.5920001,244.00001764E-3,
,,,1.5960001,252.00000405E-3,
,,,1.6000000,263.99999857E-3,
,,,1.6040001,260.00002027E-3,
,,,1.6080000,263.99999857E-3,
,,,1.6120001,276.00002289E-3,
,,,1.6160001,263.99999857E-3,
,,,1.6200001,263.99999857E-3,
,,,1.6240001,260.00002027E-3,
,,,1.6280000,240.00000954E-3,
,,,1.6320001,244.00001764E-3,
,,,1.6360000,228.00001502E-3,
,,,1.6400001,224.00000691E-3,
,,,1.6440001,216.00000560E-3,
,,,1.6480001,196.00000978E-3,
,,,1.6520001,188.00000846E-3,
,,,1.6560001,176.00001395E-3,
,,,1.6600001,164.00000453E-3,
,,,1.6640000,148.0000019E-3,
,,,1.6680001,152.00001001E-3,
,,,1.6720001,144.0000087E-3,
,,,1.6760001,140.0000006E-3,
,,,1.6800001,131.9999993E-3,
,,,1.6840001,124.0000054E-3,
,,,1.6880001,128.0000061E-3,
,,,1.6920000,108.0000028E-3,
,,,1.6960001,108.0000028E-3,
,,,1.7000000,100.0000015E-3,
,,,1.7040001,88.000006974E-3,
,,,1.7080001,88.000006974E-3,
,,,1.7120001,88.000006974E-3,
,,,1.7160001,76.000005007E-3,
,,,1.7200000,72.000004351E-3,
,,,1.7240001,72.000004351E-3,
,,,1.7280000,68.000003695E-3,
,,,1.7320001,60.000002384E-3,
,,,1.7360001,60.000002384E-3,
,,,1.7400001,52.00000107E-3,
,,,1.7440001,52.00000107E-3,
,,,1.7480000,52.00000107E-3,
,,,1.7520001,40.00000283E-3,
,,,1.7560000,40.00000283E-3,
,,,1.7600001,44.00000349E-3,
,,,1.7640001,40.00000283E-3,
,,,1.7680001,40.00000283E-3,
,,,1.7720001,40.00000283E-3,
,,,1.7760001,28.00000086E-3,
,,,1.7800001,32.00000152E-3,
,,,1.7840000,32.00000152E-3,
,,,1.7880001,28.00000086E-3,
,,,1.7920001,40.00000283E-3,
,,,1.7960001,32.00000152E-3,
,,,1.8000001,28.00000086E-3,
,,,1.8040001,28.00000086E-3,
,,,1.8080001,32.00000152E-3,
,,,1.8120000,24.00000021E-3,
,,,1.8160001,24.00000021E-3,
,,,1.8200001,24.00000021E-3,
,,,1.8240001,36.00000218E-3,
,,,1.8280001,32.00000152E-3,
,,,1.8320001,28.00000086E-3,
,,,1.8360001,20.0000014E-3,
,,,1.8400000,20.0000014E-3,
,,,1.8440001,20.0000014E-3,
,,,1.8480000,16.0000008E-3,
,,,1.8520001,16.0000008E-3,
,,,1.8560001,24.00000021E-3,
,,,1.8600001,20.0000014E-3,
,,,1.8640001,20.0000014E-3,
,,,1.8680000,20.0000014E-3,
,,,1.8720001,16.0000008E-3,
,,,1.8760000,16.0000008E-3,
,,,1.8800001,28.00000086E-3,
,,,1.8840001,8.000000380E-3,
,,,1.8880001,28.00000086E-3,
,,,1.8920001,24.00000021E-3,
,,,1.8960001,20.0000014E-3,
,,,1.9000001,24.00000021E-3,
,,,1.9040000,28.00000086E-3,
,,,1.9080001,20.0000014E-3,
,,,1.9120001,24.00000021E-3,
,,,1.9160001,24.00000021E-3,
,,,1.9200001,28.00000086E-3,
,,,1.9240001,20.0000014E-3,
,,,1.9280001,20.0000014E-3,
,,,1.9320000,20.0000014E-3,
,,,1.9360001,24.00000021E-3,
,,,1.9400001,32.00000152E-3,
,,,1.9440001,12.0000001E-3,
,,,1.9480001,24.00000021E-3,
,,,1.9520001,20.0000014E-3,
,,,1.9560001,20.0000014E-3,
,,,1.9600000,24.00000021E-3,
,,,1.9640001,16.0000008E-3,
,,,1.9680001,16.0000008E-3,
,,,1.9720001,12.0000001E-3,
,,,1.9760001,12.0000001E-3,
,,,1.9800001,12.0000001E-3,
,,,1.9840001,24.00000021E-3,
,,,1.9880000,16.0000008E-3,
,,,1.9920001,12.0000001E-3,
,,,1.9960001,8.000000380E-3,
,,,2.0000000,16.0000008E-3,
,,,2.0040002,8.000000380E-3,
,,,2.0080001,12.0000001E-3,
,,,2.0120001,20.0000014E-3,
,,,2.0160000,12.0000001E-3,
,,,2.0200000,8.000000380E-3,
,,,2.0240002,16.0000008E-3,
,,,2.0280001,20.0000014E-3,
,,,2.0320001,16.0000008E-3,
,,,2.0360000,16.0000008E-3,
,,,2.0400002,8.000000380E-3,
,,,2.0440001,12.0000001E-3,
,,,2.0480001,16.0000008E-3,
,,,2.0520000,0.0,
,,,2.0560000,0.0,
,,,2.0600002,8.000000380E-3,
,,,2.0640001,16.0000008E-3,
,,,2.0680001,16.0000008E-3,
,,,2.0720000,12.0000001E-3,
,,,2.0760002,8.000000380E-3,
,,,2.0800002,4.00000019E-3,
,,,2.0840001,4.00000019E-3,
,,,2.0880001,8.000000380E-3,
,,,2.0920000,4.00000019E-3,
,,,2.0960002,12.0000001E-3,
,,,2.1000001,8.000000380E-3,
,,,2.1040001,8.000000380E-3,
,,,2.1080000,4.00000019E-3,
,,,2.1120000,8.000000380E-3,
,,,2.1160002,20.0000014E-3,
,,,2.1200001,8.000000380E-3,
,,,2.1240001,20.0000014E-3,
,,,2.1280000,12.0000001E-3,
,,,2.1320002,4.00000019E-3,
,,,2.1360002,12.0000001E-3,
,,,2.1400001,8.000000380E-3,
,,,2.1440001,8.000000380E-3,
,,,2.1480000,8.000000380E-3,
,,,2.1520002,8.000000380E-3,
,,,2.1560001,4.00000019E-3,
,,,2.1600001,0.0,
,,,2.1640000,8.000000380E-3,
,,,2.1680002,8.000000380E-3,
,,,2.1720002,12.0000001E-3,
,,,2.1760001,16.0000008E-3,
,,,2.1800001,8.000000380E-3,
,,,2.1840000,12.0000001E-3,
,,,2.1880002,12.0000001E-3,
,,,2.1920002,8.000000380E-3,
,,,2.1960001,8.000000380E-3,
,,,2.2000000,12.0000001E-3,
,,,2.2040000,12.0000001E-3,
,,,2.2080002,8.000000380E-3,
,,,2.2120001,8.000000380E-3,
,,,2.2160001,20.0000014E-3,
,,,2.2200000,12.0000001E-3,
,,,2.2240002,8.000000380E-3,
,,,2.2280002,8.000000380E-3,
,,,2.2320001,12.0000001E-3,
,,,2.2360001,12.0000001E-3,
,,,2.2400000,4.00000019E-3,
,,,2.2440002,12.0000001E-3,
,,,2.2480001,12.0000001E-3,
,,,2.2520001,12.0000001E-3,
,,,2.2560000,12.0000001E-3,
,,,2.2600000,8.000000380E-3,
,,,2.2640002,12.0000001E-3,
,,,2.2680001,12.0000001E-3,
,,,2.2720001,8.000000380E-3,
,,,2.2760000,12.0000001E-3,
,,,2.2800002,8.000000380E-3,
,,,2.2840002,8.000000380E-3,
,,,2.2880001,16.0000008E-3,
,,,2.2920001,12.0000001E-3,
,,,2.2960000,8.000000380E-3,
,,,2.3000002,12.0000001E-3,
,,,2.3040001,12.0000001E-3,
,,,2.3080001,8.000000380E-3,
,,,2.3120000,12.0000001E-3,
,,,2.3160002,8.000000380E-3,
,,,2.3200002,12.0000001E-3,
,,,2.3240001,8.000000380E-3,
,,,2.3280001,8.000000380E-3,
,,,2.3320000,8.000000380E-3,
,,,2.3360002,8.000000380E-3,
,,,2.3400002,8.000000380E-3,
,,,2.3440001,16.0000008E-3,
,,,2.3480000,12.0000001E-3,
,,,2.3520000,12.0000001E-3,
,,,2.3560002,12.0000001E-3,
,,,2.3600001,24.00000021E-3,
,,,2.3640001,20.0000014E-3,
,,,2.3680000,20.0000014E-3,
,,,2.3720002,8.000000380E-3,
,,,2.3760002,12.0000001E-3,
,,,2.3800001,24.00000021E-3,
,,,2.3840001,20.0000014E-3,
,,,2.3880000,12.0000001E-3,
,,,2.3920002,20.0000014E-3,
,,,2.3960001,12.0000001E-3,
,,,2.4000001,20.0000014E-3,
,,,2.4040000,20.0000014E-3,
,,,2.4080002,24.00000021E-3,
,,,2.4120002,20.0000014E-3,
,,,2.4160001,12.0000001E-3,
,,,2.4200001,20.0000014E-3,
,,,2.4240000,24.00000021E-3,
,,,2.4280002,16.0000008E-3,
,,,2.4320002,16.0000008E-3,
,,,2.4360001,32.00000152E-3,
,,,2.4400001,28.00000086E-3,
,,,2.4440000,40.00000283E-3,
,,,2.4480002,36.00000218E-3,
,,,2.4520001,32.00000152E-3,
,,,2.4560001,36.00000218E-3,
,,,2.4600000,52.00000107E-3,
,,,2.4640002,60.000002384E-3,
,,,2.4680002,52.00000107E-3,
,,,2.4720001,56.000001729E-3,
,,,2.4760001,68.000003695E-3,
,,,2.4800000,64.000003040E-3,
,,,2.4840002,80.000005662E-3,
,,,2.4880002,92.000007629E-3,
,,,2.4920001,116.0000041E-3,
,,,2.4960001,136.0000074E-3,
,,,2.5000000,144.0000087E-3,
,,,2.5040002,148.0000019E-3,
,,,2.5080001,188.00000846E-3,
,,,2.5120001,204.00001109E-3,
,,,2.5160000,216.00000560E-3,
,,,2.5200002,224.00000691E-3,
,,,2.5240002,252.00000405E-3,
,,,2.5280001,260.00002027E-3,
,,,2.5320001,256.00001216E-3,
,,,2.5360000,240.00000954E-3,
,,,2.5400002,248.00001085E-3,
,,,2.5440001,236.00001633E-3,
,,,2.5480001,216.00000560E-3,
,,,2.5520000,212.00001240E-3,
,,,2.5560002,204.00001109E-3,
,,,2.5600002,192.00000167E-3,
,,,2.5640001,176.00001395E-3,
,,,2.5680001,164.00000453E-3,
,,,2.5720000,144.0000087E-3,
,,,2.5760002,140.0000006E-3,
,,,2.5800002,124.0000054E-3,
,,,2.5840001,116.0000041E-3,
,,,2.5880001,112.0000035E-3,
,,,2.5920000,108.0000028E-3,
,,,2.5960002,96.000000834E-3,
,,,2.6000001,92.000007629E-3,
,,,2.6040001,84.000006318E-3,
,,,2.6080000,80.000005662E-3,
,,,2.6120002,68.000003695E-3,
,,,2.6160002,68.000003695E-3,
,,,2.6200001,72.000004351E-3,
,,,2.6240001,60.000002384E-3,
,,,2.6280000,52.00000107E-3,
,,,2.6320002,56.000001729E-3,
,,,2.6360002,48.00000042E-3,
,,,2.6400001,36.00000218E-3,
,,,2.6440001,44.00000349E-3,
,,,2.6480002,36.00000218E-3,
,,,2.6520002,36.00000218E-3,
,,,2.6560001,36.00000218E-3,
,,,2.6600001,32.00000152E-3,
,,,2.6640000,32.00000152E-3,
,,,2.6680002,36.00000218E-3,
,,,2.6720002,32.00000152E-3,
,,,2.6760001,28.00000086E-3,
,,,2.6800001,16.0000008E-3,
,,,2.6840000,28.00000086E-3,
,,,2.6880002,24.00000021E-3,
,,,2.6920002,20.0000014E-3,
,,,2.6960001,24.00000021E-3,
,,,2.7000000,24.00000021E-3,
,,,2.7040002,16.0000008E-3,
,,,2.7080002,20.0000014E-3,
,,,2.7120001,24.00000021E-3,
,,,2.7160001,32.00000152E-3,
,,,2.72000003,16.0000008E-3,
,,,2.72400022,20.0000014E-3,
,,,2.72800016,20.0000014E-3,
,,,2.73200011,20.0000014E-3,
,,,2.73600006,20.0000014E-3,
,,,2.74000025,24.00000021E-3,
,,,2.74400020,20.0000014E-3,
,,,2.74800014,24.00000021E-3,
,,,2.75200009,16.0000008E-3,
,,,2.75600004,24.00000021E-3,
,,,2.76000023,28.00000086E-3,
,,,2.76400018,16.0000008E-3,
,,,2.76800013,24.00000021E-3,
,,,2.77200007,20.0000014E-3,
,,,2.77600002,20.0000014E-3,
,,,2.78000021,20.0000014E-3,
,,,2.78400016,16.0000008E-3,
,,,2.78800011,16.0000008E-3,
,,,2.79200006,20.0000014E-3,
,,,2.79600024,20.0000014E-3,
,,,2.80000019,16.0000008E-3,
,,,2.80400014,16.0000008E-3,
,,,2.80800009,16.0000008E-3,
,,,2.81200004,16.0000008E-3,
,,,2.81600022,12.0000001E-3,
,,,2.82000017,20.0000014E-3,
,,,2.82400012,16.0000008E-3,
,,,2.82800007,12.0000001E-3,
,,,2.83200002,20.0000014E-3,
,,,2.83600020,12.0000001E-3,
,,,2.84000015,4.00000019E-3,
,,,2.84400010,12.0000001E-3,
,,,2.84800005,8.000000380E-3,
,,,2.85200024,12.0000001E-3,
,,,2.85600019,12.0000001E-3,
,,,2.86000013,8.000000380E-3,
,,,2.86400008,8.000000380E-3,
,,,2.86800003,12.0000001E-3,
,,,2.87200022,8.000000380E-3,
,,,2.87600017,8.000000380E-3,
,,,2.88000011,12.0000001E-3,
,,,2.88400006,16.0000008E-3,
,,,2.88800025,12.0000001E-3,
,,,2.89200020,12.0000001E-3,
,,,2.89600015,8.000000380E-3,
,,,2.90000010,8.000000380E-3,
,,,2.90400004,12.0000001E-3,
,,,2.90800023,12.0000001E-3,
,,,2.91200018,12.0000001E-3,
,,,2.91600013,16.0000008E-3,
,,,2.92000008,12.0000001E-3,
,,,2.92400002,8.000000380E-3,
,,,2.92800021,8.000000380E-3,
,,,2.93200016,12.0000001E-3,
,,,2.93600011,4.00000019E-3,
,,,2.94000006,16.0000008E-3,
,,,2.94400024,4.00000019E-3,
,,,2.94800019,8.000000380E-3,
,,,2.95200014,12.0000001E-3,
,,,2.95600009,12.0000001E-3,
,,,2.96000004,8.000000380E-3,
,,,2.96400023,8.000000380E-3,
,,,2.96800017,8.000000380E-3,
,,,2.97200012,8.000000380E-3,
,,,2.97600007,8.000000380E-3,
,,,2.98000026,12.0000001E-3,
,,,2.98400021,12.0000001E-3,
,,,2.98800015,12.0000001E-3,
,,,2.99200010,12.0000001E-3,
,,,2.99600005,12.0000001E-3,
,,,3.00000024,0.0,
,,,3.00400019,4.00000019E-3,
,,,3.00800014,8.000000380E-3,
,,,3.01200008,8.000000380E-3,
,,,3.01600003,4.00000019E-3,
,,,3.02000022,4.00000019E-3,
,,,3.02400017,12.0000001E-3,
,,,3.02800012,8.000000380E-3,
,,,3.03200006,12.0000001E-3,
,,,3.03600025,8.000000380E-3,
,,,3.04000020,16.0000008E-3,
,,,3.04400015,8.000000380E-3,
,,,3.04800010,20.0000014E-3,
,,,3.05200005,12.0000001E-3,
,,,3.05600023,8.000000380E-3,
,,,3.06000018,8.000000380E-3,
,,,3.06400013,8.000000380E-3,
,,,3.06800008,8.000000380E-3,
,,,3.07200003,20.0000014E-3,
,,,3.07600021,12.0000001E-3,
,,,3.08000016,8.000000380E-3,
,,,3.08400011,12.0000001E-3,
,,,3.08800006,8.000000380E-3,
,,,3.09200025,16.0000008E-3,
,,,3.09600019,8.000000380E-3,
,,,3.10000014,16.0000008E-3,
,,,3.10400009,8.000000380E-3,
,,,3.10800004,12.0000001E-3,
,,,3.11200023,12.0000001E-3,
,,,3.11600018,12.0000001E-3,
,,,3.12000012,4.00000019E-3,
,,,3.12400007,8.000000380E-3,
,,,3.12800026,16.0000008E-3,
,,,3.13200021,16.0000008E-3,
,,,3.13600016,20.0000014E-3,
,,,3.14000010,12.0000001E-3,
,,,3.14400005,12.0000001E-3,
,,,3.14800024,16.0000008E-3,
,,,3.15200019,12.0000001E-3,
,,,3.15600014,12.0000001E-3,
,,,3.16000009,12.0000001E-3,
,,,3.16400003,16.0000008E-3,
,,,3.16800022,12.0000001E-3,
,,,3.17200017,16.0000008E-3,
,,,3.17600012,20.0000014E-3,
,,,3.18000007,20.0000014E-3,
,,,3.18400025,24.00000021E-3,
,,,3.18800020,20.0000014E-3,
,,,3.19200015,20.0000014E-3,
,,,3.19600010,32.00000152E-3,
,,,3.20000005,24.00000021E-3,
,,,3.20400023,20.0000014E-3,
,,,3.20800018,24.00000021E-3,
,,,3.21200013,24.00000021E-3,
,,,3.21600008,40.00000283E-3,
,,,3.22000027,36.00000218E-3,
,,,3.22400022,28.00000086E-3,
,,,3.22800016,36.00000218E-3,
,,,3.23200011,44.00000349E-3,
,,,3.23600006,40.00000283E-3,
,,,3.24000025,52.00000107E-3,
,,,3.24400020,48.00000042E-3,
,,,3.24800014,60.000002384E-3,
,,,3.25200009,72.000004351E-3,
,,,3.25600004,88.000006974E-3,
,,,3.26000023,100.0000015E-3,
,,,3.26400018,116.0000041E-3,
,,,3.26800013,140.0000006E-3,
,,,3.27200007,148.0000019E-3,
,,,3.27600026,168.00001264E-3,
,,,3.28000021,196.00000978E-3,
,,,3.28400016,208.00000429E-3,
,,,3.28800011,232.00000823E-3,
,,,3.29200006,263.99999857E-3,
,,,3.29600024,268.00000668E-3,
,,,3.30000019,272.00001478E-3,
,,,3.30400014,276.00002289E-3,
,,,3.30800009,268.00000668E-3,
,,,3.31200027,252.00000405E-3,
,,,3.31600022,228.00001502E-3,
,,,3.32000017,220.00001371E-3,
,,,3.32400012,200.00000298E-3,
,,,3.32800007,188.00000846E-3,
,,,3.33200026,164.00000453E-3,
,,,3.33600020,168.00001264E-3,
,,,3.34000015,152.00001001E-3,
,,,3.34400010,136.0000074E-3,
,,,3.34800005,131.9999993E-3,
,,,3.35200024,124.0000054E-3,
,,,3.35600019,116.0000041E-3,
,,,3.36000013,104.0000021E-3,
,,,3.36400008,104.0000021E-3,
,,,3.36800027,96.000000834E-3,
,,,3.37200022,76.000005007E-3,
,,,3.37600017,76.000005007E-3,
,,,3.38000011,68.000003695E-3,
,,,3.38400006,64.000003040E-3,
,,,3.38800025,68.000003695E-3,
,,,3.39200020,52.00000107E-3,
,,,3.39600015,44.00000349E-3,
,,,3.40000010,44.00000349E-3,
,,,3.40400004,48.00000042E-3,
,,,3.40800023,36.00000218E-3,
,,,3.41200018,36.00000218E-3,
,,,3.41600013,36.00000218E-3,
,,,3.42000008,48.00000042E-3,
,,,3.42400026,28.00000086E-3,
,,,3.42800021,32.00000152E-3,
,,,3.43200016,28.00000086E-3,
,,,3.43600011,32.00000152E-3,
,,,3.44000006,16.0000008E-3,
,,,3.44400024,24.00000021E-3,
,,,3.44800019,16.0000008E-3,
,,,3.45200014,28.00000086E-3,
,,,3.45600009,24.00000021E-3,
,,,3.46000028,28.00000086E-3,
,,,3.46400023,24.00000021E-3,
,,,3.46800017,16.0000008E-3,
,,,3.47200012,24.00000021E-3,
,,,3.47600007,20.0000014E-3,
,,,3.48000026,20.0000014E-3,
,,,3.48400021,20.0000014E-3,
,,,3.48800015,20.0000014E-3,
,,,3.49200010,24.00000021E-3,
,,,3.49600005,28.00000086E-3,
,,,3.50000024,16.0000008E-3,
,,,3.50400019,28.00000086E-3,
,,,3.50800014,28.00000086E-3,
,,,3.51200008,24.00000021E-3,
,,,3.51600027,20.0000014E-3,
,,,3.52000022,32.00000152E-3,
,,,3.52400017,28.00000086E-3,
,,,3.52800012,20.0000014E-3,
,,,3.53200006,16.0000008E-3,
,,,3.53600025,16.0000008E-3,
,,,3.54000020,20.0000014E-3,
,,,3.54400015,24.00000021E-3,
,,,3.54800010,16.0000008E-3,
,,,3.55200028,20.0000014E-3,
,,,3.55600023,28.00000086E-3,
,,,3.56000018,20.0000014E-3,
,,,3.56400013,16.0000008E-3,
,,,3.56800008,20.0000014E-3,
,,,3.57200027,12.0000001E-3,
,,,3.57600021,20.0000014E-3,
,,,3.58000016,16.0000008E-3,
,,,3.58400011,12.0000001E-3,
,,,3.58800006,16.0000008E-3,
,,,3.59200025,12.0000001E-3,
,,,3.59600019,12.0000001E-3,
,,,3.60000014,8.000000380E-3,
,,,3.60400009,8.000000380E-3,
,,,3.60800028,12.0000001E-3,
,,,3.61200023,12.0000001E-3,
,,,3.61600018,12.0000001E-3,
,,,3.62000012,8.000000380E-3,
,,,3.62400007,8.000000380E-3,
,,,3.62800026,8.000000380E-3,
,,,3.63200021,12.0000001E-3,
,,,3.63600016,8.000000380E-3,
,,,3.64000010,16.0000008E-3,
,,,3.64400029,8.000000380E-3,
,,,3.64800024,12.0000001E-3,
,,,3.65200019,8.000000380E-3,
,,,3.65600014,8.000000380E-3,
,,,3.66000009,8.000000380E-3,
,,,3.66400027,8.000000380E-3,
,,,3.66800022,4.00000019E-3,
,,,3.67200017,8.000000380E-3,
,,,3.67600012,4.00000019E-3,
,,,3.68000007,12.0000001E-3,
,,,3.68400025,8.000000380E-3,
,,,3.68800020,8.000000380E-3,
,,,3.69200015,8.000000380E-3,
,,,3.69600010,12.0000001E-3,
,,,3.70000029,12.0000001E-3,
,,,3.70400023,20.0000014E-3,
,,,3.70800018,4.00000019E-3,
,,,3.71200013,8.000000380E-3,
,,,3.71600008,12.0000001E-3,
,,,3.72000027,8.000000380E-3,
,,,3.72400022,8.000000380E-3,
,,,3.72800016,8.000000380E-3,
,,,3.73200011,12.0000001E-3,
,,,3.73600006,8.000000380E-3,
,,,3.74000025,12.0000001E-3,
,,,3.74400020,4.00000019E-3,
,,,3.74800014,12.0000001E-3,
,,,3.75200009,12.0000001E-3,
,,,3.75600028,12.0000001E-3,
,,,3.76000023,12.0000001E-3,
,,,3.76400018,8.000000380E-3,
,,,3.76800013,8.000000380E-3,
,,,3.77200007,12.0000001E-3,
,,,3.77600026,8.000000380E-3,
,,,3.78000021,4.00000019E-3,
,,,3.78400016,8.000000380E-3,
,,,3.78800011,12.0000001E-3,
,,,3.79200029,8.000000380E-3,
,,,3.79600024,12.0000001E-3,
,,,3.80000019,12.0000001E-3,
,,,3.80400014,12.0000001E-3,
,,,3.80800009,12.0000001E-3,
,,,3.81200027,8.000000380E-3,
,,,3.81600022,16.0000008E-3,
,,,3.82000017,12.0000001E-3,
,,,3.82400012,8.000000380E-3,
,,,3.82800007,12.0000001E-3,
,,,3.83200026,12.0000001E-3,
,,,3.83600020,8.000000380E-3,
,,,3.84000015,8.000000380E-3,
,,,3.84400010,8.000000380E-3,
,,,3.84800029,20.0000014E-3,
,,,3.85200024,12.0000001E-3,
,,,3.85600019,12.0000001E-3,
,,,3.86000013,12.0000001E-3,
,,,3.86400008,16.0000008E-3,
,,,3.86800027,12.0000001E-3,
,,,3.87200022,8.000000380E-3,
,,,3.87600017,16.0000008E-3,
,,,3.88000011,16.0000008E-3,
,,,3.88400030,16.0000008E-3,
,,,3.88800025,20.0000014E-3,
,,,3.89200020,16.0000008E-3,
,,,3.89600015,20.0000014E-3,
,,,3.90000010,12.0000001E-3,
,,,3.90400028,20.0000014E-3,
,,,3.90800023,24.00000021E-3,
,,,3.91200018,28.00000086E-3,
,,,3.91600013,12.0000001E-3,
,,,3.92000008,28.00000086E-3,
,,,3.92400026,28.00000086E-3,
,,,3.92800021,28.00000086E-3,
,,,3.93200016,32.00000152E-3,
,,,3.93600011,36.00000218E-3,
,,,3.94000030,36.00000218E-3,
,,,3.94400024,44.00000349E-3,
,,,3.94800019,52.00000107E-3,
,,,3.95200014,48.00000042E-3,
,,,3.95600009,68.000003695E-3,
,,,3.96000028,64.000003040E-3,
,,,3.96400023,80.000005662E-3,
,,,3.96800017,92.000007629E-3,
,,,3.97200012,104.0000021E-3,
,,,3.97600007,124.0000054E-3,
,,,3.98000026,128.0000061E-3,
,,,3.98400021,156.00000322E-3,
,,,3.98800015,188.00000846E-3,
,,,3.99200010,200.00000298E-3,
,,,3.99600029,224.00000691E-3,
,,,4.00000000,240.00000954E-3,
,,,4.00400019,252.00000405E-3,
,,,4.00800037,263.99999857E-3,
,,,4.01200008,252.00000405E-3,
,,,4.01600027,248.00001085E-3,
,,,4.01999998,236.00001633E-3,
,,,4.02400017,216.00000560E-3,
,,,4.02800035,200.00000298E-3,
,,,4.03200006,192.00000167E-3,
,,,4.03600025,168.00001264E-3,
,,,4.03999996,148.0000019E-3,
,,,4.04400015,148.0000019E-3,
,,,4.04800034,131.9999993E-3,
,,,4.05200005,128.0000061E-3,
,,,4.05600023,124.0000054E-3,
,,,4.06000042,112.0000035E-3,
,,,4.06400013,100.0000015E-3,
,,,4.06800032,92.000007629E-3,
,,,4.07200003,72.000004351E-3,
,,,4.07600021,72.000004351E-3,
,,,4.08000040,80.000005662E-3,
,,,4.08400011,56.000001729E-3,
,,,4.08800030,64.000003040E-3,
,,,4.09200001,56.000001729E-3,
,,,4.09600019,48.00000042E-3,
,,,4.10000038,44.00000349E-3,
,,,4.10400009,40.00000283E-3,
,,,4.10800028,44.00000349E-3,
,,,4.11199999,40.00000283E-3,
,,,4.11600018,28.00000086E-3,
,,,4.12000036,36.00000218E-3,
,,,4.12400007,36.00000218E-3,
,,,4.12800026,28.00000086E-3,
,,,4.13199997,28.00000086E-3,
,,,4.13600016,28.00000086E-3,
,,,4.14000034,20.0000014E-3,
,,,4.14400005,28.00000086E-3,
,,,4.14800024,28.00000086E-3,
,,,4.15200043,16.0000008E-3,
,,,4.15600014,28.00000086E-3,
,,,4.16000032,28.00000086E-3,
,,,4.16400003,24.00000021E-3,
,,,4.16800022,20.0000014E-3,
,,,4.17200041,20.0000014E-3,
,,,4.17600012,28.00000086E-3,
,,,4.18000031,24.00000021E-3,
,,,4.18400002,28.00000086E-3,
,,,4.18800020,20.0000014E-3,
,,,4.19200039,24.00000021E-3,
,,,4.19600010,20.0000014E-3,
,,,4.20000029,20.0000014E-3,
,,,4.20400000,20.0000014E-3,
,,,4.20800018,20.0000014E-3,
,,,4.21200037,20.0000014E-3,
,,,4.21600008,20.0000014E-3,
,,,4.22000027,24.00000021E-3,
,,,4.22399998,24.00000021E-3,
,,,4.22800016,20.0000014E-3,
,,,4.23200035,24.00000021E-3,
,,,4.23600006,24.00000021E-3,
,,,4.24000025,20.0000014E-3,
,,,4.24400043,12.0000001E-3,
,,,4.24800014,24.00000021E-3,
,,,4.25200033,20.0000014E-3,
,,,4.25600004,20.0000014E-3,
,,,4.26000023,16.0000008E-3,
,,,4.26400042,20.0000014E-3,
,,,4.26800013,16.0000008E-3,
,,,4.27200031,12.0000001E-3,
,,,4.27600002,16.0000008E-3,
,,,4.28000021,20.0000014E-3,
,,,4.28400040,12.0000001E-3,
,,,4.28800011,12.0000001E-3,
,,,4.29200029,8.000000380E-3,
,,,4.29600000,8.000000380E-3,
,,,4.30000019,12.0000001E-3,
,,,4.30400038,8.000000380E-3,
,,,4.30800009,12.0000001E-3,
,,,4.31200027,12.0000001E-3,
,,,4.31599998,8.000000380E-3,
,,,4.32000017,8.000000380E-3,
,,,4.32400036,12.0000001E-3,
,,,4.32800007,12.0000001E-3,
,,,4.33200026,8.000000380E-3,
,,,4.33600044,12.0000001E-3,
,,,4.34000015,8.000000380E-3,
,,,4.34400034,8.000000380E-3,
,,,4.34800005,12.0000001E-3,
,,,4.35200024,12.0000001E-3,
,,,4.35600042,16.0000008E-3,
,,,4.36000013,8.000000380E-3,
,,,4.36400032,12.0000001E-3,
,,,4.36800003,16.0000008E-3,
,,,4.37200022,12.0000001E-3,
,,,4.37600040,8.000000380E-3,
,,,4.38000011,8.000000380E-3,
,,,4.38400030,8.000000380E-3,
,,,4.38800001,0.0,
,,,4.39200020,12.0000001E-3,
,,,4.39600039,8.000000380E-3,
,,,4.40000010,20.0000014E-3,
,,,4.40400028,4.00000019E-3,
,,,4.40799999,8.000000380E-3,
,,,4.41200018,8.000000380E-3,
,,,4.41600037,8.000000380E-3,
,,,4.42000008,16.0000008E-3,
,,,4.42400026,16.0000008E-3,
,,,4.42799997,8.000000380E-3,
,,,4.43200016,8.000000380E-3,
,,,4.43600035,4.00000019E-3,
,,,4.44000006,12.0000001E-3,
,,,4.44400024,8.000000380E-3,
,,,4.44800043,8.000000380E-3,
,,,4.45200014,12.0000001E-3,
,,,4.45600033,8.000000380E-3,
,,,4.46000004,12.0000001E-3,
,,,4.46400023,12.0000001E-3,
,,,4.46800041,8.000000380E-3,
,,,4.47200012,8.000000380E-3,
,,,4.47600031,12.0000001E-3,
,,,4.48000002,8.000000380E-3,
,,,4.48400021,8.000000380E-3,
,,,4.48800039,16.0000008E-3,
,,,4.49200010,8.000000380E-3,
,,,4.49600029,12.0000001E-3,
,,,4.50000000,12.0000001E-3,
,,,4.50400019,8.000000380E-3,
,,,4.50800037,8.000000380E-3,
,,,4.51200008,8.000000380E-3,
,,,4.51600027,12.0000001E-3,
,,,4.51999998,12.0000001E-3,
,,,4.52400017,12.0000001E-3,
,,,4.52800035,8.000000380E-3,
,,,4.53200006,8.000000380E-3,
,,,4.53600025,12.0000001E-3,
,,,4.54000044,12.0000001E-3,
,,,4.54400015,12.0000001E-3,
,,,4.54800034,16.0000008E-3,
,,,4.55200005,8.000000380E-3,
,,,4.55600023,20.0000014E-3,
,,,4.56000042,8.000000380E-3,
,,,4.56400013,12.0000001E-3,
,,,4.56800032,12.0000001E-3,
,,,4.57200003,16.0000008E-3,
,,,4.57600021,16.0000008E-3,
,,,4.58000040,20.0000014E-3,
,,,4.58400011,12.0000001E-3,
,,,4.58800030,20.0000014E-3,
,,,4.59200001,16.0000008E-3,
,,,4.59600019,16.0000008E-3,
,,,4.60000038,20.0000014E-3,
,,,4.60400009,20.0000014E-3,
,,,4.60800028,12.0000001E-3,
,,,4.61199999,24.00000021E-3,
,,,4.61600018,28.00000086E-3,
,,,4.62000036,24.00000021E-3,
,,,4.62400007,28.00000086E-3,
,,,4.62800026,32.00000152E-3,
,,,4.63200045,28.00000086E-3,
,,,4.63600016,32.00000152E-3,
,,,4.64000034,44.00000349E-3,
,,,4.64400005,48.00000042E-3,
,,,4.64800024,52.00000107E-3,
,,,4.65200043,56.000001729E-3,
,,,4.65600014,56.000001729E-3,
,,,4.66000032,68.000003695E-3,
,,,4.66400003,72.000004351E-3,
,,,4.66800022,92.000007629E-3,
,,,4.67200041,112.0000035E-3,
,,,4.67600012,124.0000054E-3,
,,,4.68000031,164.00000453E-3,
,,,4.68400002,180.00000715E-3,
,,,4.68800020,200.00000298E-3,
,,,4.69200039,216.00000560E-3,
,,,4.69600010,236.00001633E-3,
,,,4.70000029,252.00000405E-3,
,,,4.70400000,263.99999857E-3,
,,,4.70800018,276.00002289E-3,
,,,4.71200037,276.00002289E-3,
,,,4.71600008,263.99999857E-3,
,,,4.72000027,236.00001633E-3,
,,,4.72400045,236.00001633E-3,
,,,4.72800016,200.00000298E-3,
,,,4.73200035,184.00001526E-3,
,,,4.73600006,184.00001526E-3,
,,,4.74000025,168.00001264E-3,
,,,4.74400043,148.0000019E-3,
,,,4.74800014,144.0000087E-3,
,,,4.75200033,124.0000054E-3,
,,,4.75600004,124.0000054E-3,
,,,4.76000023,112.0000035E-3,
,,,4.76400042,104.0000021E-3,
,,,4.76800013,92.000007629E-3,
,,,4.77200031,88.000006974E-3,
,,,4.77600002,72.000004351E-3,
,,,4.78000021,68.000003695E-3,
,,,4.78400040,68.000003695E-3,
,,,4.78800011,60.000002384E-3,
,,,4.79200029,64.000003040E-3,
,,,4.79600000,52.00000107E-3,
,,,4.80000019,48.00000042E-3,
,,,4.80400038,48.00000042E-3,
,,,4.80800009,40.00000283E-3,
,,,4.81200027,40.00000283E-3,
,,,4.81600046,36.00000218E-3,
,,,4.82000017,28.00000086E-3,
,,,4.82400036,32.00000152E-3,
,,,4.82800007,28.00000086E-3,
,,,4.83200026,28.00000086E-3,
,,,4.83600044,32.00000152E-3,
,,,4.84000015,32.00000152E-3,
,,,4.84400034,20.0000014E-3,
,,,4.84800005,32.00000152E-3,
,,,4.85200024,28.00000086E-3,
,,,4.85600042,28.00000086E-3,
,,,4.86000013,24.00000021E-3,
,,,4.86400032,28.00000086E-3,
,,,4.86800003,24.00000021E-3,
,,,4.87200022,28.00000086E-3,
,,,4.87600040,24.00000021E-3,
,,,4.88000011,32.00000152E-3,
,,,4.88400030,16.0000008E-3,
,,,4.88800001,24.00000021E-3,
,,,4.89200020,24.00000021E-3,
,,,4.89600039,28.00000086E-3,
,,,4.90000010,28.00000086E-3,
,,,4.90400028,20.0000014E-3,
,,,4.90800047,12.0000001E-3,
,,,4.91200018,16.0000008E-3,
,,,4.91600037,16.0000008E-3,
,,,4.92000008,28.00000086E-3,
,,,4.92400026,24.00000021E-3,
,,,4.92800045,12.0000001E-3,
,,,4.93200016,20.0000014E-3,
,,,4.93600035,24.00000021E-3,
,,,4.94000006,28.00000086E-3,
,,,4.94400024,20.0000014E-3,
,,,4.94800043,16.0000008E-3,
,,,4.95200014,16.0000008E-3,
,,,4.95600033,16.0000008E-3,
,,,4.96000004,16.0000008E-3,
,,,4.96400023,24.00000021E-3,
,,,4.96800041,16.0000008E-3,
,,,4.97200012,12.0000001E-3,
,,,4.97600031,12.0000001E-3,
,,,4.98000002,20.0000014E-3,
,,,4.98400021,12.0000001E-3,
,,,4.98800039,8.000000380E-3,
,,,4.99200010,8.000000380E-3,
,,,4.99600029,8.000000380E-3,
,,,5.00000000,8.000000380E-3,
,,,5.00400019,8.000000380E-3,
,,,5.00800037,12.0000001E-3,
,,,5.01200008,12.0000001E-3,
,,,5.01600027,16.0000008E-3,
,,,5.02000046,12.0000001E-3,
,,,5.02400017,4.00000019E-3,
,,,5.02800035,8.000000380E-3,
,,,5.03200006,16.0000008E-3,
,,,5.03600025,12.0000001E-3,
,,,5.04000044,4.00000019E-3,
,,,5.04400015,12.0000001E-3,
,,,5.04800034,8.000000380E-3,
,,,5.05200005,8.000000380E-3,
,,,5.05600023,12.0000001E-3,
,,,5.06000042,4.00000019E-3,
,,,5.06400013,8.000000380E-3,
,,,5.06800032,8.000000380E-3,
,,,5.07200003,12.0000001E-3,
,,,5.07600021,12.0000001E-3,
,,,5.08000040,4.00000019E-3,
,,,5.08400011,8.000000380E-3,
,,,5.08800030,16.0000008E-3,
,,,5.09200001,12.0000001E-3,
,,,5.09600019,8.000000380E-3,
,,,5.10000038,8.000000380E-3,
,,,5.10400009,12.0000001E-3,
,,,5.10800028,8.000000380E-3,
,,,5.11200047,12.0000001E-3,
,,,5.11600018,12.0000001E-3,
,,,5.12000036,8.000000380E-3,
,,,5.12400007,8.000000380E-3,
,,,5.12800026,8.000000380E-3,
,,,5.13200045,8.000000380E-3,
,,,5.13600016,8.000000380E-3,
,,,5.14000034,4.00000019E-3,
,,,5.14400005,4.00000019E-3,
,,,5.14800024,4.00000019E-3,
,,,5.15200043,8.000000380E-3,
,,,5.15600014,8.000000380E-3,
,,,5.16000032,8.000000380E-3,
,,,5.16400003,4.00000019E-3,
,,,5.16800022,12.0000001E-3,
,,,5.17200041,16.0000008E-3,
,,,5.17600012,16.0000008E-3,
,,,5.18000031,12.0000001E-3,
,,,5.18400002,4.00000019E-3,
,,,5.18800020,4.00000019E-3,
,,,5.19200039,8.000000380E-3,
,,,5.19600010,12.0000001E-3,
,,,5.20000029,16.0000008E-3,
,,,5.20400047,12.0000001E-3,
,,,5.20800018,12.0000001E-3,
,,,5.21200037,16.0000008E-3,
,,,5.21600008,12.0000001E-3,
,,,5.22000027,12.0000001E-3,
,,,5.22400045,8.000000380E-3,
,,,5.22800016,12.0000001E-3,
,,,5.23200035,16.0000008E-3,
,,,5.23600006,12.0000001E-3,
,,,5.24000025,12.0000001E-3,
,,,5.24400043,8.000000380E-3,
,,,5.24800014,12.0000001E-3,
,,,5.25200033,20.0000014E-3,
,,,5.25600004,8.000000380E-3,
,,,5.26000023,12.0000001E-3,
,,,5.26400042,24.00000021E-3,
,,,5.26800013,24.00000021E-3,
,,,5.27200031,20.0000014E-3,
,,,5.27600002,24.00000021E-3,
,,,5.28000021,16.0000008E-3,
,,,5.28400040,28.00000086E-3,
,,,5.28800011,28.00000086E-3,
,,,5.29200029,24.00000021E-3,
,,,5.29600048,32.00000152E-3,
,,,5.30000019,12.0000001E-3,
,,,5.30400038,8.000000380E-3,
,,,5.30800009,8.000000380E-3,
,,,5.31200027,8.000000380E-3,
,,,5.31600046,4.00000019E-3,
,,,5.32000017,8.000000380E-3,
,,,5.32400036,8.000000380E-3,
,,,5.32800007,8.000000380E-3,
,,,5.33200026,12.0000001E-3,
,,,5.33600044,8.000000380E-3,
,,,5.34000015,8.000000380E-3,
,,,5.34400034,0.0,
,,,5.34800005,16.0000008E-3,
,,,5.35200024,4.00000019E-3,
,,,5.35600042,8.000000380E-3,
,,,5.36000013,16.0000008E-3,
,,,5.36400032,8.000000380E-3,
,,,5.36800003,8.000000380E-3,
,,,5.37200022,20.0000014E-3,
,,,5.37600040,8.000000380E-3,
,,,5.38000011,16.0000008E-3,
,,,5.38400030,12.0000001E-3,
,,,5.38800049,12.0000001E-3,
,,,5.39200020,12.0000001E-3,
,,,5.39600039,12.0000001E-3,
,,,5.40000010,4.00000019E-3,
,,,5.40400028,12.0000001E-3,
,,,5.40800047,12.0000001E-3,
,,,5.41200018,12.0000001E-3,
,,,5.41600037,20.0000014E-3,
,,,5.42000008,12.0000001E-3,
,,,5.42400026,4.00000019E-3,
,,,5.42800045,12.0000001E-3,
,,,5.43200016,8.000000380E-3,
,,,5.43600035,16.0000008E-3,
,,,5.44000006,16.0000008E-3,
,,,5.44400024,8.000000380E-3,
,,,5.44800043,16.0000008E-3,
,,,5.45200014,12.0000001E-3,
,,,5.45600033,12.0000001E-3,
,,,5.46000004,16.0000008E-3,
,,,5.46400023,20.0000014E-3,
,,,5.46800041,12.0000001E-3,
,,,5.47200012,20.0000014E-3,
,,,5.47600031,16.0000008E-3,
,,,5.48000050,24.00000021E-3,
,,,5.48400021,28.00000086E-3,
,,,5.48800039,16.0000008E-3,
,,,5.49200010,20.0000014E-3,
,,,5.49600029,20.0000014E-3,
,,,5.50000048,24.00000021E-3,
,,,5.50400019,16.0000008E-3,
,,,5.50800037,28.00000086E-3,
,,,5.51200008,28.00000086E-3,
,,,5.51600027,40.00000283E-3,
,,,5.52000046,36.00000218E-3,
,,,5.52400017,40.00000283E-3,
,,,5.52800035,40.00000283E-3,
,,,5.53200006,48.00000042E-3,
,,,5.53600025,68.000003695E-3,
,,,5.54000044,60.000002384E-3,
,,,5.54400015,88.000006974E-3,
,,,5.54800034,104.0000021E-3,
,,,5.55200005,140.0000006E-3,
,,,5.55600023,140.0000006E-3,
,,,5.56000042,168.00001264E-3,
,,,5.56400013,196.00000978E-3,
,,,5.56800032,236.00001633E-3,
,,,5.57200003,260.00002027E-3,
,,,5.57600021,292.00002551E-3,
,,,5.58000040,292.00002551E-3,
,,,5.58400011,292.00002551E-3,
,,,5.58800030,272.00001478E-3,
,,,5.59200048,276.00002289E-3,
,,,5.59600019,240.00000954E-3,
,,,5.60000038,228.00001502E-3,
,,,5.60400009,200.00000298E-3,
,,,5.60800028,184.00001526E-3,
,,,5.61200047,168.00001264E-3,
,,,5.61600018,156.00000322E-3,
,,,5.62000036,144.0000087E-3,
,,,5.62400007,124.0000054E-3,
,,,5.62800026,124.0000054E-3,
,,,5.63200045,116.0000041E-3,
,,,5.63600016,116.0000041E-3,
,,,5.64000034,104.0000021E-3,
,,,5.64400005,76.000005007E-3,
,,,5.64800024,80.000005662E-3,
,,,5.65200043,64.000003040E-3,
,,,5.65600014,64.000003040E-3,
,,,5.66000032,56.000001729E-3,
,,,5.66400003,52.00000107E-3,
,,,5.66800022,52.00000107E-3,
,,,5.67200041,48.00000042E-3,
,,,5.67600012,44.00000349E-3,
,,,5.68000031,44.00000349E-3,
,,,5.68400049,40.00000283E-3,
,,,5.68800020,32.00000152E-3,
,,,5.69200039,40.00000283E-3,
,,,5.69600010,32.00000152E-3,
,,,5.70000029,28.00000086E-3,
,,,5.70400047,20.0000014E-3,
,,,5.70800018,32.00000152E-3,
,,,5.71200037,28.00000086E-3,
,,,5.71600008,20.0000014E-3,
,,,5.72000027,12.0000001E-3,
,,,5.72400045,16.0000008E-3,
,,,5.72800016,24.00000021E-3,
,,,5.73200035,20.0000014E-3,
,,,5.73600006,24.00000021E-3,
,,,5.74000025,24.00000021E-3,
,,,5.74400043,24.00000021E-3,
,,,5.74800014,28.00000086E-3,
,,,5.75200033,28.00000086E-3,
,,,5.75600004,12.0000001E-3,
,,,5.76000023,28.00000086E-3,
,,,5.76400042,24.00000021E-3,
,,,5.76800013,24.00000021E-3,
,,,5.77200031,24.00000021E-3,
,,,5.77600050,24.00000021E-3,
,,,5.78000021,24.00000021E-3,
,,,5.78400040,28.00000086E-3,
,,,5.78800011,20.0000014E-3,
,,,5.79200029,24.00000021E-3,
,,,5.79600048,20.0000014E-3,
,,,5.80000019,24.00000021E-3,
,,,5.80400038,20.0000014E-3,
,,,5.80800009,20.0000014E-3,
,,,5.81200027,20.0000014E-3,
,,,5.81600046,12.0000001E-3,
,,,5.82000017,16.0000008E-3,
,,,5.82400036,12.0000001E-3,
,,,5.82800007,16.0000008E-3,
,,,5.83200026,20.0000014E-3,
,,,5.83600044,16.0000008E-3,
,,,5.84000015,16.0000008E-3,
,,,5.84400034,16.0000008E-3,
,,,5.84800005,20.0000014E-3,
,,,5.85200024,12.0000001E-3,
,,,5.85600042,8.000000380E-3,
,,,5.86000013,20.0000014E-3,
,,,5.86400032,12.0000001E-3,
,,,5.86800051,12.0000001E-3,
,,,5.87200022,20.0000014E-3,
,,,5.87600040,16.0000008E-3,
,,,5.88000011,12.0000001E-3,
,,,5.88400030,8.000000380E-3,
,,,5.88800049,20.0000014E-3,
,,,5.89200020,12.0000001E-3,
,,,5.89600039,8.000000380E-3,
,,,5.90000010,8.000000380E-3,
,,,5.90400028,0.0,
,,,5.90800047,8.000000380E-3,
,,,5.91200018,8.000000380E-3,
,,,5.91600037,12.0000001E-3,
,,,5.92000008,12.0000001E-3,
,,,5.92400026,8.000000380E-3,
,,,5.92800045,4.00000019E-3,
,,,5.93200016,8.000000380E-3,
,,,5.93600035,4.00000019E-3,
,,,5.94000006,8.000000380E-3,
,,,5.94400024,12.0000001E-3,
,,,5.94800043,4.00000019E-3,
,,,5.95200014,4.00000019E-3,
,,,5.95600033,12.0000001E-3,
,,,5.96000051,8.000000380E-3,
,,,5.96400023,12.0000001E-3,
,,,5.96800041,12.0000001E-3,
,,,5.97200012,8.000000380E-3,
,,,5.97600031,8.000000380E-3,
,,,5.98000050,8.000000380E-3,
,,,5.98400021,0.0,
,,,5.98800039,12.0000001E-3,
,,,5.99200010,8.000000380E-3,
,,,5.99600029,8.000000380E-3,
,,,6.00000048,-12.0000001E-3,
,,,6.00400019,12.0000001E-3,
,,,6.00800037,12.0000001E-3,
,,,6.01200008,4.00000019E-3,
,,,6.01600027,0.0,
,,,6.02000046,8.000000380E-3,
,,,6.02400017,12.0000001E-3,
,,,6.02800035,8.000000380E-3,
,,,6.03200006,12.0000001E-3,
,,,6.03600025,0.0,
,,,6.04000044,8.000000380E-3,
,,,6.04400015,4.00000019E-3,
,,,6.04800034,12.0000001E-3,
,,,6.05200052,0.0,
,,,6.05600023,8.000000380E-3,
,,,6.06000042,8.000000380E-3,
,,,6.06400013,12.0000001E-3,
,,,6.06800032,8.000000380E-3,
,,,6.07200050,12.0000001E-3,
,,,6.07600021,12.0000001E-3,
,,,6.08000040,8.000000380E-3,
,,,6.08400011,16.0000008E-3,
,,,6.08800030,8.000000380E-3,
,,,6.09200048,8.000000380E-3,
,,,6.09600019,8.000000380E-3,
,,,6.10000038,8.000000380E-3,
,,,6.10400009,12.0000001E-3,
,,,6.10800028,16.0000008E-3,
,,,6.11200047,8.000000380E-3,
,,,6.11600018,20.0000014E-3,
,,,6.12000036,4.00000019E-3,
,,,6.12400007,20.0000014E-3,
,,,6.12800026,20.0000014E-3,
,,,6.13200045,16.0000008E-3,
,,,6.13600016,16.0000008E-3,
,,,6.14000034,12.0000001E-3,
,,,6.14400005,12.0000001E-3,
,,,6.14800024,12.0000001E-3,
,,,6.15200043,12.0000001E-3,
,,,6.15600014,12.0000001E-3,
,,,6.16000032,16.0000008E-3,
,,,6.16400051,28.00000086E-3,
,,,6.16800022,24.00000021E-3,
,,,6.17200041,12.0000001E-3,
,,,6.17600012,24.00000021E-3,
,,,6.18000031,28.00000086E-3,
,,,6.18400049,32.00000152E-3,
,,,6.18800020,28.00000086E-3,
,,,6.19200039,28.00000086E-3,
,,,6.19600010,32.00000152E-3,
,,,6.20000029,40.00000283E-3,
,,,6.20400047,44.00000349E-3,
,,,6.20800018,48.00000042E-3,
,,,6.21200037,48.00000042E-3,
,,,6.21600008,60.000002384E-3,
,,,6.22000027,76.000005007E-3,
,,,6.22400045,92.000007629E-3,
,,,6.22800016,120.0000048E-3,
,,,6.23200035,128.0000061E-3,
,,,6.23600006,164.00000453E-3,
,,,6.24000025,180.00000715E-3,
,,,6.24400043,216.00000560E-3,
,,,6.24800014,236.00001633E-3,
,,,6.25200033,263.99999857E-3,
,,,6.25600052,268.00000668E-3,
,,,6.26000023,276.00002289E-3,
,,,6.26400042,268.00000668E-3,
,,,6.26800013,256.00001216E-3,
,,,6.27200031,256.00001216E-3,
,,,6.27600050,224.00000691E-3,
,,,6.28000021,200.00000298E-3,
,,,6.28400040,192.00000167E-3,
,,,6.28800011,160.00001132E-3,
,,,6.29200029,148.0000019E-3,
,,,6.29600048,136.0000074E-3,
,,,6.30000019,120.0000048E-3,
,,,6.30400038,116.0000041E-3,
,,,6.30800009,108.0000028E-3,
,,,6.31200027,88.000006974E-3,
,,,6.31600046,88.000006974E-3,
,,,6.32000017,76.000005007E-3,
,,,6.32400036,72.000004351E-3,
,,,6.32800007,64.000003040E-3,
,,,6.33200026,68.000003695E-3,
,,,6.33600044,60.000002384E-3,
,,,6.34000015,44.00000349E-3,
,,,6.34400034,44.00000349E-3,
,,,6.34800053,36.00000218E-3,
,,,6.35200024,40.00000283E-3,
,,,6.35600042,36.00000218E-3,
,,,6.36000013,32.00000152E-3,
,,,6.36400032,32.00000152E-3,
,,,6.36800051,28.00000086E-3,
,,,6.37200022,20.0000014E-3,
,,,6.37600040,32.00000152E-3,
,,,6.38000011,32.00000152E-3,
,,,6.38400030,32.00000152E-3,
,,,6.38800049,24.00000021E-3,
,,,6.39200020,24.00000021E-3,
,,,6.39600039,20.0000014E-3,
,,,6.40000010,28.00000086E-3,
,,,6.40400028,20.0000014E-3,
,,,6.40800047,20.0000014E-3,
,,,6.41200018,20.0000014E-3,
,,,6.41600037,28.00000086E-3,
,,,6.42000008,28.00000086E-3,
,,,6.42400026,28.00000086E-3,
,,,6.42800045,20.0000014E-3,
,,,6.43200016,12.0000001E-3,
,,,6.43600035,28.00000086E-3,
,,,6.44000053,24.00000021E-3,
,,,6.44400024,20.0000014E-3,
,,,6.44800043,24.00000021E-3,
,,,6.45200014,24.00000021E-3,
,,,6.45600033,28.00000086E-3,
,,,6.46000051,24.00000021E-3,
,,,6.46400023,20.0000014E-3,
,,,6.46800041,20.0000014E-3,
,,,6.47200012,16.0000008E-3,
,,,6.47600031,24.00000021E-3,
,,,6.48000050,20.0000014E-3,
,,,6.48400021,16.0000008E-3,
,,,6.48800039,12.0000001E-3,
,,,6.49200010,16.0000008E-3,
,,,6.49600029,12.0000001E-3,
,,,6.50000048,24.00000021E-3,
,,,6.50400019,8.000000380E-3,
,,,6.50800037,16.0000008E-3,
,,,6.51200008,20.0000014E-3,
,,,6.51600027,12.0000001E-3,
,,,6.52000046,12.0000001E-3,
,,,6.52400017,12.0000001E-3,
,,,6.52800035,16.0000008E-3,
,,,6.53200054,8.000000380E-3,
,,,6.53600025,4.00000019E-3,
,,,6.54000044,8.000000380E-3,
,,,6.54400015,12.0000001E-3,
,,,6.54800034,12.0000001E-3,
,,,6.55200052,8.000000380E-3,
,,,6.55600023,16.0000008E-3,
,,,6.56000042,8.000000380E-3,
,,,6.56400013,12.0000001E-3,
,,,6.56800032,12.0000001E-3,
,,,6.57200050,0.0,
,,,6.57600021,8.000000380E-3,
,,,6.58000040,12.0000001E-3,
,,,6.58400011,12.0000001E-3,
,,,6.58800030,4.00000019E-3,
,,,6.59200048,0.0,
,,,6.59600019,12.0000001E-3,
,,,6.60000038,8.000000380E-3,
,,,6.60400009,8.000000380E-3,
,,,6.60800028,12.0000001E-3,
,,,6.61200047,16.0000008E-3,
,,,6.61600018,12.0000001E-3,
,,,6.62000036,8.000000380E-3,
,,,6.62400055,12.0000001E-3,
,,,6.62800026,8.000000380E-3,
,,,6.63200045,8.000000380E-3,
,,,6.63600016,8.000000380E-3,
,,,6.64000034,12.0000001E-3,
,,,6.64400053,16.0000008E-3,
,,,6.64800024,12.0000001E-3,
,,,6.65200043,12.0000001E-3,
,,,6.65600014,12.0000001E-3,
,,,6.66000032,16.0000008E-3,
,,,6.66400051,8.000000380E-3,
,,,6.66800022,8.000000380E-3,
,,,6.67200041,16.0000008E-3,
,,,6.67600012,8.000000380E-3,
,,,6.68000031,8.000000380E-3,
,,,6.68400049,8.000000380E-3,
,,,6.68800020,0.0,
,,,6.69200039,8.000000380E-3,
,,,6.69600010,8.000000380E-3,
,,,6.70000029,8.000000380E-3,
,,,6.70400047,4.00000019E-3,
,,,6.70800018,8.000000380E-3,
,,,6.71200037,0.0,
,,,6.71600056,8.000000380E-3,
,,,6.72000027,8.000000380E-3,
,,,6.72400045,8.000000380E-3,
,,,6.72800016,12.0000001E-3,
,,,6.73200035,4.00000019E-3,
,,,6.73600054,8.000000380E-3,
,,,6.74000025,12.0000001E-3,
,,,6.74400043,8.000000380E-3,
,,,6.74800014,8.000000380E-3,
,,,6.75200033,8.000000380E-3,
,,,6.75600052,16.0000008E-3,
,,,6.76000023,8.000000380E-3,
,,,6.76400042,28.00000086E-3,
,,,6.76800013,12.0000001E-3,
,,,6.77200031,16.0000008E-3,
,,,6.77600050,8.000000380E-3,
,,,6.78000021,8.000000380E-3,
,,,6.78400040,16.0000008E-3,
,,,6.78800011,8.000000380E-3,
,,,6.79200029,12.0000001E-3,
,,,6.79600048,24.00000021E-3,
,,,6.80000019,12.0000001E-3,
,,,6.80400038,16.0000008E-3,
,,,6.80800009,12.0000001E-3,
,,,6.81200027,12.0000001E-3,
,,,6.81600046,12.0000001E-3,
,,,6.82000017,16.0000008E-3,
,,,6.82400036,20.0000014E-3,
,,,6.82800055,24.00000021E-3,
,,,6.83200026,24.00000021E-3,
,,,6.83600044,12.0000001E-3,
,,,6.84000015,20.0000014E-3,
,,,6.84400034,20.0000014E-3,
,,,6.84800053,28.00000086E-3,
,,,6.85200024,12.0000001E-3,
,,,6.85600042,24.00000021E-3,
,,,6.86000013,24.00000021E-3,
,,,6.86400032,32.00000152E-3,
,,,6.86800051,24.00000021E-3,
,,,6.87200022,40.00000283E-3,
,,,6.87600040,40.00000283E-3,
,,,6.88000011,36.00000218E-3,
,,,6.88400030,48.00000042E-3,
,,,6.88800049,52.00000107E-3,
,,,6.89200020,60.000002384E-3,
,,,6.89600039,80.000005662E-3,
,,,6.90000010,76.000005007E-3,
,,,6.90400028,108.0000028E-3,
,,,6.90800047,120.0000048E-3,
,,,6.91200018,152.00001001E-3,
,,,6.91600037,188.00000846E-3,
,,,6.92000055,224.00000691E-3,
,,,6.92400026,256.00001216E-3,
,,,6.92800045,263.99999857E-3,
,,,6.93200016,284.00000930E-3,
,,,6.93600035,276.00002289E-3,
,,,6.94000053,276.00002289E-3,
,,,6.94400024,263.99999857E-3,
,,,6.94800043,244.00001764E-3,
,,,6.95200014,220.00001371E-3,
,,,6.95600033,200.00000298E-3,
,,,6.96000051,192.00000167E-3,
,,,6.96400023,168.00001264E-3,
,,,6.96800041,140.0000006E-3,
,,,6.97200012,144.0000087E-3,
,,,6.97600031,120.0000048E-3,
,,,6.98000050,120.0000048E-3,
,,,6.98400021,108.0000028E-3,
,,,6.98800039,100.0000015E-3,
,,,6.99200010,84.000006318E-3,
,,,6.99600029,76.000005007E-3,
,,,7.00000048,72.000004351E-3,
,,,7.00400019,68.000003695E-3,
,,,7.00800037,60.000002384E-3,
,,,7.01200056,60.000002384E-3,
,,,7.01600027,48.00000042E-3,
,,,7.02000046,48.00000042E-3,
,,,7.02400017,48.00000042E-3,
,,,7.02800035,44.00000349E-3,
,,,7.03200054,40.00000283E-3,
,,,7.03600025,32.00000152E-3,
,,,7.04000044,28.00000086E-3,
,,,7.04400015,28.00000086E-3,
,,,7.04800034,40.00000283E-3,
,,,7.05200052,32.00000152E-3,
,,,7.05600023,24.00000021E-3,
,,,7.06000042,40.00000283E-3,
,,,7.06400013,32.00000152E-3,
,,,7.06800032,24.00000021E-3,
,,,7.07200050,20.0000014E-3,
,,,7.07600021,20.0000014E-3,
,,,7.08000040,28.00000086E-3,
,,,7.08400011,24.00000021E-3,
,,,7.08800030,16.0000008E-3,
,,,7.09200048,24.00000021E-3,
,,,7.09600019,24.00000021E-3,
,,,7.10000038,20.0000014E-3,
,,,7.10400057,24.00000021E-3,
,,,7.10800028,20.0000014E-3,
,,,7.11200047,28.00000086E-3,
,,,7.11600018,28.00000086E-3,
,,,7.12000036,28.00000086E-3,
,,,7.12400055,28.00000086E-3,
,,,7.12800026,28.00000086E-3,
,,,7.13200045,28.00000086E-3,
,,,7.13600016,28.00000086E-3,
,,,7.14000034,24.00000021E-3,
,,,7.14400053,20.0000014E-3,
,,,7.14800024,28.00000086E-3,
,,,7.15200043,20.0000014E-3,
,,,7.15600014,20.0000014E-3,
,,,7.16000032,12.0000001E-3,
,,,7.16400051,24.00000021E-3,
,,,7.16800022,20.0000014E-3,
,,,7.17200041,20.0000014E-3,
,,,7.17600012,12.0000001E-3,
,,,7.18000031,8.000000380E-3,
,,,7.18400049,16.0000008E-3,
,,,7.18800020,12.0000001E-3,
,,,7.19200039,20.0000014E-3,
,,,7.19600058,16.0000008E-3,
,,,7.20000029,8.000000380E-3,
,,,7.20400047,20.0000014E-3,
,,,7.20800018,12.0000001E-3,
,,,7.21200037,8.000000380E-3,
,,,7.21600056,12.0000001E-3,
,,,7.22000027,12.0000001E-3,
,,,7.22400045,8.000000380E-3,
,,,7.22800016,12.0000001E-3,
,,,7.23200035,12.0000001E-3,
,,,7.23600054,12.0000001E-3,
,,,7.24000025,12.0000001E-3,
,,,7.24400043,8.000000380E-3,
,,,7.24800014,0.0,
,,,7.25200033,12.0000001E-3,
,,,7.25600052,12.0000001E-3,
,,,7.26000023,8.000000380E-3,
,,,7.26400042,12.0000001E-3,
,,,7.26800013,8.000000380E-3,
,,,7.27200031,12.0000001E-3,
,,,7.27600050,8.000000380E-3,
,,,7.28000021,12.0000001E-3,
,,,7.28400040,8.000000380E-3,
,,,7.28800058,12.0000001E-3,
,,,7.29200029,8.000000380E-3,
,,,7.29600048,8.000000380E-3,
,,,7.30000019,12.0000001E-3,
,,,7.30400038,12.0000001E-3,
,,,7.30800056,4.00000019E-3,
,,,7.31200027,8.000000380E-3,
,,,7.31600046,12.0000001E-3,
,,,7.32000017,16.0000008E-3,
,,,7.32400036,8.000000380E-3,
,,,7.32800055,12.0000001E-3,
,,,7.33200026,12.0000001E-3,
,,,7.33600044,12.0000001E-3,
,,,7.34000015,8.000000380E-3,
,,,7.34400034,12.0000001E-3,
,,,7.34800053,12.0000001E-3,
,,,7.35200024,16.0000008E-3,
,,,7.35600042,12.0000001E-3,
,,,7.36000013,12.0000001E-3,
,,,7.36400032,8.000000380E-3,
,,,7.36800051,16.0000008E-3,
,,,7.37200022,8.000000380E-3,
,,,7.37600040,12.0000001E-3,
,,,7.38000011,4.00000019E-3,
,,,7.38400030,16.0000008E-3,
,,,7.38800049,16.0000008E-3,
,,,7.392000198,8.000000380E-3,
,,,7.396000385,12.0000001E-3,
,,,7.400000572,12.0000001E-3,
,,,7.404000282,8.000000380E-3,
,,,7.408000469,12.0000001E-3,
,,,7.412000179,4.00000019E-3,
,,,7.416000366,8.000000380E-3,
,,,7.420000553,8.000000380E-3,
,,,7.424000263,8.000000380E-3,
,,,7.428000450,8.000000380E-3,
,,,7.432000160,4.00000019E-3,
,,,7.436000347,8.000000380E-3,
,,,7.440000534,0.0,
,,,7.444000244,12.0000001E-3,
,,,7.448000431,8.000000380E-3,
,,,7.452000141,12.0000001E-3,
,,,7.456000328,8.000000380E-3,
,,,7.460000515,16.0000008E-3,
,,,7.464000225,12.0000001E-3,
,,,7.468000412,12.0000001E-3,
,,,7.472000122,12.0000001E-3,
,,,7.476000309,20.0000014E-3,
,,,7.480000496,12.0000001E-3,
,,,7.484000206,8.000000380E-3,
,,,7.488000393,16.0000008E-3,
,,,7.492000580,12.0000001E-3,
,,,7.496000290,12.0000001E-3,
,,,7.500000477,16.0000008E-3,
,,,7.504000187,12.0000001E-3,
,,,7.508000374,24.00000021E-3,
,,,7.512000561,16.0000008E-3,
,,,7.516000271,16.0000008E-3,
,,,7.520000458,16.0000008E-3,
,,,7.524000168,16.0000008E-3,
,,,7.528000355,16.0000008E-3,
,,,7.532000542,16.0000008E-3,
,,,7.536000252,16.0000008E-3,
,,,7.540000439,28.00000086E-3,
,,,7.544000149,28.00000086E-3,
,,,7.548000336,36.00000218E-3,
,,,7.552000523,28.00000086E-3,
,,,7.556000233,32.00000152E-3,
,,,7.560000420,36.00000218E-3,
,,,7.564000130,40.00000283E-3,
,,,7.568000317,52.00000107E-3,
,,,7.572000504,64.000003040E-3,
,,,7.576000214,64.000003040E-3,
,,,7.580000401,76.000005007E-3,
,,,7.584000587,100.0000015E-3,
,,,7.588000298,112.0000035E-3,
,,,7.592000484,152.00001001E-3,
,,,7.596000195,184.00001526E-3,
,,,7.600000381,196.00000978E-3,
,,,7.604000568,220.00001371E-3,
,,,7.608000278,256.00001216E-3,
,,,7.612000465,276.00002289E-3,
,,,7.616000175,268.00000668E-3,
,,,7.620000362,288.00001740E-3,
,,,7.624000549,263.99999857E-3,
,,,7.628000259,263.99999857E-3,
,,,7.632000446,248.00001085E-3,
,,,7.636000156,208.00000429E-3,
,,,7.640000343,184.00001526E-3,
,,,7.644000530,180.00000715E-3,
,,,7.648000240,156.00000322E-3,
,,,7.652000427,131.9999993E-3,
,,,7.656000137,131.9999993E-3,
,,,7.660000324,131.9999993E-3,
,,,7.664000511,112.0000035E-3,
,,,7.668000221,96.000000834E-3,
,,,7.672000408,92.000007629E-3,
,,,7.676000595,84.000006318E-3,
,,,7.680000305,76.000005007E-3,
,,,7.684000492,64.000003040E-3,
,,,7.688000202,68.000003695E-3,
,,,7.692000389,52.00000107E-3,
,,,7.696000576,48.00000042E-3,
,,,7.700000286,52.00000107E-3,
,,,7.704000473,48.00000042E-3,
,,,7.708000183,48.00000042E-3,
,,,7.712000370,40.00000283E-3,
,,,7.716000557,36.00000218E-3,
,,,7.720000267,32.00000152E-3,
,,,7.724000454,28.00000086E-3,
,,,7.728000164,28.00000086E-3,
,,,7.732000351,32.00000152E-3,
,,,7.736000538,28.00000086E-3,
,,,7.740000248,24.00000021E-3,
,,,7.744000435,32.00000152E-3,
,,,7.748000145,24.00000021E-3,
,,,7.752000332,24.00000021E-3,
,,,7.756000519,12.0000001E-3,
,,,7.760000229,20.0000014E-3,
,,,7.764000416,12.0000001E-3,
,,,7.768000603,28.00000086E-3,
,,,7.772000313,24.00000021E-3,
,,,7.776000500,28.00000086E-3,
,,,7.780000210,20.0000014E-3,
,,,7.784000397,28.00000086E-3,
,,,7.788000584,16.0000008E-3,
,,,7.792000294,20.0000014E-3,
,,,7.796000481,28.00000086E-3,
,,,7.800000191,24.00000021E-3,
,,,7.804000378,12.0000001E-3,
,,,7.808000565,24.00000021E-3,
,,,7.812000275,20.0000014E-3,
,,,7.816000462,16.0000008E-3,
,,,7.820000172,20.0000014E-3,
,,,7.824000359,20.0000014E-3,
,,,7.828000546,20.0000014E-3,
,,,7.832000256,24.00000021E-3,
,,,7.836000443,12.0000001E-3,
,,,7.840000153,16.0000008E-3,
,,,7.844000340,16.0000008E-3,
,,,7.848000526,12.0000001E-3,
,,,7.852000237,20.0000014E-3,
,,,7.856000423,20.0000014E-3,
,,,7.860000610,12.0000001E-3,
,,,7.864000320,16.0000008E-3,
,,,7.868000507,8.000000380E-3,
,,,7.872000217,12.0000001E-3,
,,,7.876000404,12.0000001E-3,
,,,7.880000591,8.000000380E-3,
,,,7.884000301,12.0000001E-3,
,,,7.888000488,12.0000001E-3,
,,,7.892000198,12.0000001E-3,
,,,7.896000385,8.000000380E-3,
,,,7.900000572,4.00000019E-3,
,,,7.904000282,12.0000001E-3,
,,,7.908000469,12.0000001E-3,
,,,7.912000179,12.0000001E-3,
,,,7.916000366,12.0000001E-3,
,,,7.920000553,8.000000380E-3,
,,,7.924000263,16.0000008E-3,
,,,7.928000450,8.000000380E-3,
,,,7.932000160,12.0000001E-3,
,,,7.936000347,12.0000001E-3,
,,,7.940000534,8.000000380E-3,
,,,7.944000244,8.000000380E-3,
,,,7.948000431,12.0000001E-3,
,,,7.952000141,8.000000380E-3,
,,,7.956000328,12.0000001E-3,
,,,7.960000515,0.0,
,,,7.964000225,12.0000001E-3,
,,,7.968000412,4.00000019E-3,
,,,7.972000599,4.00000019E-3,
,,,7.976000309,8.000000380E-3,
,,,7.980000496,8.000000380E-3,
,,,7.984000206,16.0000008E-3,
,,,7.988000393,12.0000001E-3,
,,,7.992000580,4.00000019E-3,
,,,7.996000290,12.0000001E-3,
,,,8.000000000,8.000000380E-3,
,,,8.004000664,4.00000019E-3,
,,,8.008000374,16.0000008E-3,
,,,8.012000084,8.000000380E-3,
,,,8.016000748,8.000000380E-3,
,,,8.020000458,8.000000380E-3,
,,,8.024000168,12.0000001E-3,
,,,8.028000832,12.0000001E-3,
,,,8.032000542,4.00000019E-3,
,,,8.036000252,8.000000380E-3,
,,,8.039999962,12.0000001E-3,
,,,8.044000626,8.000000380E-3,
,,,8.048000336,8.000000380E-3,
,,,8.052000046,4.00000019E-3,
,,,8.056000710,16.0000008E-3,
,,,8.060000420,8.000000380E-3,
,,,8.064000130,8.000000380E-3,
,,,8.068000793,8.000000380E-3,
,,,8.072000504,8.000000380E-3,
,,,8.076000214,8.000000380E-3,
,,,8.079999924,16.0000008E-3,
,,,8.084000587,8.000000380E-3,
,,,8.088000298,8.000000380E-3,
,,,8.092000008,16.0000008E-3,
,,,8.096000671,8.000000380E-3,
,,,8.100000381,12.0000001E-3,
,,,8.104000092,4.00000019E-3,
,,,8.108000755,4.00000019E-3,
,,,8.112000465,12.0000001E-3,
,,,8.116000175,16.0000008E-3,
,,,8.120000839,12.0000001E-3,
,,,8.124000549,12.0000001E-3,
,,,8.128000259,24.00000021E-3,
,,,8.131999969,8.000000380E-3,
,,,8.136000633,8.000000380E-3,
,,,8.140000343,12.0000001E-3,
,,,8.144000053,12.0000001E-3,
,,,8.148000717,8.000000380E-3,
,,,8.152000427,16.0000008E-3,
,,,8.156000137,16.0000008E-3,
,,,8.160000801,16.0000008E-3,
,,,8.164000511,8.000000380E-3,
,,,8.168000221,12.0000001E-3,
,,,8.171999931,16.0000008E-3,
,,,8.176000595,12.0000001E-3,
,,,8.180000305,20.0000014E-3,
,,,8.184000015,16.0000008E-3,
,,,8.188000679,12.0000001E-3,
,,,8.192000389,20.0000014E-3,
,,,8.196000099,4.00000019E-3,
,,,8.200000763,12.0000001E-3,
,,,8.204000473,12.0000001E-3,
,,,8.208000183,12.0000001E-3,
,,,8.212000847,16.0000008E-3,
,,,8.216000557,12.0000001E-3,
,,,8.220000267,20.0000014E-3,
,,,8.223999977,12.0000001E-3,
,,,8.228000641,20.0000014E-3,
,,,8.232000351,12.0000001E-3,
,,,8.236000061,16.0000008E-3,
,,,8.240000725,24.00000021E-3,
,,,8.244000435,16.0000008E-3,
,,,8.248000145,16.0000008E-3,
,,,8.252000809,20.0000014E-3,
,,,8.256000519,12.0000001E-3,
,,,8.260000229,12.0000001E-3,
,,,8.263999939,16.0000008E-3,
,,,8.268000603,8.000000380E-3,
,,,8.272000313,16.0000008E-3,
,,,8.276000023,20.0000014E-3,
,,,8.280000687,12.0000001E-3,
,,,8.284000397,12.0000001E-3,
,,,8.288000107,20.0000014E-3,
,,,8.292000771,16.0000008E-3,
,,,8.296000481,16.0000008E-3,
,,,8.300000191,12.0000001E-3,
,,,8.304000854,8.000000380E-3,
,,,8.308000565,8.000000380E-3,
,,,8.312000275,16.0000008E-3,
,,,8.315999985,8.000000380E-3,
,,,8.320000648,12.0000001E-3,
,,,8.324000359,20.0000014E-3,
,,,8.328000069,16.0000008E-3,
,,,8.332000732,16.0000008E-3,
,,,8.336000443,16.0000008E-3,
,,,8.340000153,16.0000008E-3,
,,,8.344000816,12.0000001E-3,
,,,8.348000526,20.0000014E-3,
,,,8.352000237,12.0000001E-3,
,,,8.355999947,24.00000021E-3,
,,,8.360000610,24.00000021E-3,
,,,8.364000320,12.0000001E-3,
,,,8.368000031,12.0000001E-3,
,,,8.372000694,20.0000014E-3,
,,,8.376000404,12.0000001E-3,
,,,8.380000114,12.0000001E-3,
,,,8.384000778,12.0000001E-3,
,,,8.388000488,8.000000380E-3,
,,,8.392000198,12.0000001E-3,
,,,8.396000862,12.0000001E-3,
,,,8.400000572,8.000000380E-3,
,,,8.404000282,8.000000380E-3,
,,,8.407999992,8.000000380E-3,
,,,8.412000656,8.000000380E-3,
,,,8.416000366,16.0000008E-3,
,,,8.420000076,8.000000380E-3,
,,,8.424000740,8.000000380E-3,
,,,8.428000450,8.000000380E-3,
,,,8.432000160,12.0000001E-3,
,,,8.436000824,8.000000380E-3,
,,,8.440000534,12.0000001E-3,
,,,8.444000244,12.0000001E-3,
,,,8.447999954,12.0000001E-3,
,,,8.452000618,12.0000001E-3,
,,,8.456000328,4.00000019E-3,
,,,8.460000038,8.000000380E-3,
,,,8.464000702,8.000000380E-3,
,,,8.468000412,12.0000001E-3,
,,,8.472000122,8.000000380E-3,
,,,8.476000786,8.000000380E-3,
,,,8.480000496,8.000000380E-3,
,,,8.484000206,4.00000019E-3,
,,,8.488000870,8.000000380E-3,
,,,8.492000580,4.00000019E-3,
,,,8.496000290,8.000000380E-3,
,,,8.500000000,16.0000008E-3,
,,,8.504000664,12.0000001E-3,
,,,8.508000374,12.0000001E-3,
,,,8.512000084,12.0000001E-3,
,,,8.516000748,8.000000380E-3,
,,,8.520000458,8.000000380E-3,
,,,8.524000168,4.00000019E-3,
,,,8.528000832,16.0000008E-3,
,,,8.532000542,8.000000380E-3,
,,,8.536000252,8.000000380E-3,
,,,8.539999962,8.000000380E-3,
,,,8.544000626,12.0000001E-3,
,,,8.548000336,12.0000001E-3,
,,,8.552000046,12.0000001E-3,
,,,8.556000710,8.000000380E-3,
,,,8.560000420,12.0000001E-3,
,,,8.564000130,8.000000380E-3,
,,,8.568000793,12.0000001E-3,
,,,8.572000504,8.000000380E-3,
,,,8.576000214,12.0000001E-3,
,,,8.580000877,12.0000001E-3,
,,,8.584000587,8.000000380E-3,
,,,8.588000298,8.000000380E-3,
,,,8.592000008,8.000000380E-3,
,,,8.596000671,12.0000001E-3,
,,,8.600000381,12.0000001E-3,
,,,8.604000092,8.000000380E-3,
,,,8.608000755,0.0,
,,,8.612000465,4.00000019E-3,
,,,8.616000175,8.000000380E-3,
,,,8.620000839,8.000000380E-3,
,,,8.624000549,8.000000380E-3,
,,,8.628000259,4.00000019E-3,
,,,8.631999969,4.00000019E-3,
,,,8.636000633,12.0000001E-3,
,,,8.640000343,4.00000019E-3,
,,,8.644000053,16.0000008E-3,
,,,8.648000717,8.000000380E-3,
,,,8.652000427,20.0000014E-3,
,,,8.656000137,12.0000001E-3,
,,,8.660000801,12.0000001E-3,
,,,8.664000511,12.0000001E-3,
,,,8.668000221,4.00000019E-3,
,,,8.672000885,8.000000380E-3,
,,,8.676000595,8.000000380E-3,
,,,8.680000305,12.0000001E-3,
,,,8.684000015,4.00000019E-3,
,,,8.688000679,12.0000001E-3,
,,,8.692000389,12.0000001E-3,
,,,8.696000099,4.00000019E-3,
,,,8.700000763,8.000000380E-3,
,,,8.704000473,8.000000380E-3,
,,,8.708000183,12.0000001E-3,
,,,8.712000847,12.0000001E-3,
,,,8.716000557,4.00000019E-3,
,,,8.720000267,8.000000380E-3,
,,,8.723999977,8.000000380E-3,
,,,8.728000641,12.0000001E-3,
,,,8.732000351,8.000000380E-3,
,,,8.736000061,8.000000380E-3,
,,,8.740000725,12.0000001E-3,
,,,8.744000435,4.00000019E-3,
,,,8.748000145,4.00000019E-3,
,,,8.752000809,12.0000001E-3,
,,,8.756000519,20.0000014E-3,
,,,8.760000229,12.0000001E-3,
,,,8.764000893,4.00000019E-3,
,,,8.768000603,12.0000001E-3,
,,,8.772000313,8.000000380E-3,
,,,8.776000023,8.000000380E-3,
,,,8.780000687,8.000000380E-3,
,,,8.784000397,8.000000380E-3,
,,,8.788000107,8.000000380E-3,
,,,8.792000771,12.0000001E-3,
,,,8.796000481,8.000000380E-3,
,,,8.800000191,8.000000380E-3,
,,,8.804000854,16.0000008E-3,
,,,8.808000565,12.0000001E-3,
,,,8.812000275,16.0000008E-3,
,,,8.815999985,4.00000019E-3,
,,,8.820000648,20.0000014E-3,
,,,8.824000359,8.000000380E-3,
,,,8.828000069,12.0000001E-3,
,,,8.832000732,12.0000001E-3,
,,,8.836000443,8.000000380E-3,
,,,8.840000153,8.000000380E-3,
,,,8.844000816,24.00000021E-3,
,,,8.848000526,8.000000380E-3,
,,,8.852000237,4.00000019E-3,
,,,8.855999947,12.0000001E-3,
,,,8.860000610,8.000000380E-3,
,,,8.864000320,4.00000019E-3,
,,,8.868000031,8.000000380E-3,
,,,8.872000694,12.0000001E-3,
,,,8.876000404,12.0000001E-3,
,,,8.880000114,8.000000380E-3,
,,,8.884000778,8.000000380E-3,
,,,8.888000488,12.0000001E-3,
,,,8.892000198,12.0000001E-3,
,,,8.896000862,0.0,
,,,8.900000572,12.0000001E-3,
,,,8.904000282,8.000000380E-3,
,,,8.907999992,8.000000380E-3,
,,,8.912000656,8.000000380E-3,
,,,8.916000366,12.0000001E-3,
,,,8.920000076,8.000000380E-3,
,,,8.924000740,12.0000001E-3,
,,,8.928000450,20.0000014E-3,
,,,8.932000160,12.0000001E-3,
,,,8.936000824,12.0000001E-3,
,,,8.940000534,12.0000001E-3,
,,,8.944000244,12.0000001E-3,
,,,8.947999954,16.0000008E-3,
,,,8.952000618,4.00000019E-3,
,,,8.956000328,16.0000008E-3,
,,,8.960000038,4.00000019E-3,
,,,8.964000702,8.000000380E-3,
,,,8.968000412,8.000000380E-3,
,,,8.972000122,12.0000001E-3,
,,,8.976000786,8.000000380E-3,
,,,8.980000496,16.0000008E-3,
,,,8.984000206,12.0000001E-3,
,,,8.988000870,12.0000001E-3,
,,,8.992000580,12.0000001E-3,
,,,8.996000290,12.0000001E-3,
,,,9.000000000,16.0000008E-3,
,,,9.004000664,12.0000001E-3,
,,,9.008000374,16.0000008E-3,
,,,9.012000084,16.0000008E-3,
,,,9.016000748,12.0000001E-3,
,,,9.020000458,20.0000014E-3,
,,,9.024000168,20.0000014E-3,
,,,9.028000832,12.0000001E-3,
,,,9.032000542,12.0000001E-3,
,,,9.036000252,16.0000008E-3,
,,,9.039999962,16.0000008E-3,
,,,9.044000626,16.0000008E-3,
,,,9.048000336,12.0000001E-3,
,,,9.052000046,16.0000008E-3,
,,,9.056000710,16.0000008E-3,
,,,9.060000420,24.00000021E-3,
,,,9.064000130,20.0000014E-3,
,,,9.068000793,24.00000021E-3,
,,,9.072000504,20.0000014E-3,
,,,9.076000214,24.00000021E-3,
,,,9.080000877,16.0000008E-3,
,,,9.084000587,16.0000008E-3,
,,,9.088000298,28.00000086E-3,
,,,9.092000008,24.00000021E-3,
,,,9.096000671,12.0000001E-3,
,,,9.100000381,24.00000021E-3,
,,,9.104000092,20.0000014E-3,
,,,9.108000755,20.0000014E-3,
,,,9.112000465,20.0000014E-3,
,,,9.116000175,20.0000014E-3,
,,,9.120000839,28.00000086E-3,
,,,9.124000549,24.00000021E-3,
,,,9.128000259,24.00000021E-3,
,,,9.131999969,28.00000086E-3,
,,,9.136000633,24.00000021E-3,
,,,9.140000343,28.00000086E-3,
,,,9.144000053,16.0000008E-3,
,,,9.148000717,24.00000021E-3,
,,,9.152000427,32.00000152E-3,
,,,9.156000137,24.00000021E-3,
,,,9.160000801,20.0000014E-3,
,,,9.164000511,20.0000014E-3,
,,,9.168000221,24.00000021E-3,
,,,9.172000885,24.00000021E-3,
,,,9.176000595,16.0000008E-3,
,,,9.180000305,24.00000021E-3,
,,,9.184000015,16.0000008E-3,
,,,9.188000679,24.00000021E-3,
,,,9.192000389,24.00000021E-3,
,,,9.196000099,28.00000086E-3,
,,,9.200000763,20.0000014E-3,
,,,9.204000473,24.00000021E-3,
,,,9.208000183,24.00000021E-3,
,,,9.212000847,24.00000021E-3,
,,,9.216000557,20.0000014E-3,
,,,9.220000267,28.00000086E-3,
,,,9.223999977,28.00000086E-3,
,,,9.228000641,28.00000086E-3,
,,,9.232000351,28.00000086E-3,
,,,9.236000061,28.00000086E-3,
,,,9.240000725,24.00000021E-3,
,,,9.244000435,28.00000086E-3,
,,,9.248000145,28.00000086E-3,
,,,9.252000809,36.00000218E-3,
,,,9.256000519,32.00000152E-3,
,,,9.260000229,36.00000218E-3,
,,,9.264000893,28.00000086E-3,
,,,9.268000603,40.00000283E-3,
,,,9.272000313,44.00000349E-3,
,,,9.276000023,36.00000218E-3,
,,,9.280000687,48.00000042E-3,
,,,9.284000397,48.00000042E-3,
,,,9.288000107,48.00000042E-3,
,,,9.292000771,48.00000042E-3,
,,,9.296000481,52.00000107E-3,
,,,9.300000191,68.000003695E-3,
,,,9.304000854,60.000002384E-3,
,,,9.308000565,56.000001729E-3,
,,,9.312000275,72.000004351E-3,
,,,9.315999985,68.000003695E-3,
,,,9.320000648,80.000005662E-3,
,,,9.324000359,84.000006318E-3,
,,,9.328000069,96.000000834E-3,
,,,9.332000732,96.000000834E-3,
,,,9.336000443,-400.00000596E-3,
,,,9.340000153,-400.00000596E-3,
,,,9.344000816,-400.00000596E-3,
,,,9.348000526,-400.00000596E-3,
,,,9.352000237,-400.00000596E-3,
,,,9.356000900,-400.00000596E-3,
,,,9.360000610,-400.00000596E-3,
,,,9.364000320,-400.00000596E-3,
,,,9.368000031,-400.00000596E-3,
,,,9.372000694,-400.00000596E-3,
,,,9.376000404,-400.00000596E-3,
,,,9.380000114,-400.00000596E-3,
,,,9.384000778,-400.00000596E-3,
,,,9.388000488,-400.00000596E-3,
,,,9.392000198,-400.00000596E-3,
,,,9.396000862,-400.00000596E-3,
,,,9.400000572,-400.00000596E-3,
,,,9.404000282,-400.00000596E-3,
,,,9.407999992,-400.00000596E-3,
,,,9.412000656,-400.00000596E-3,
,,,9.416000366,-400.00000596E-3,
,,,9.420000076,-400.00000596E-3,
,,,9.424000740,-400.00000596E-3,
,,,9.428000450,-400.00000596E-3,
,,,9.432000160,-400.00000596E-3,
,,,9.436000824,-400.00000596E-3,
,,,9.440000534,-400.00000596E-3,
,,,9.444000244,-400.00000596E-3,
,,,9.448000908,-400.00000596E-3,
,,,9.452000618,-400.00000596E-3,
,,,9.456000328,-400.00000596E-3,
,,,9.460000038,-400.00000596E-3,
,,,9.464000702,-400.00000596E-3,
,,,9.468000412,-400.00000596E-3,
,,,9.472000122,-400.00000596E-3,
,,,9.476000786,-400.00000596E-3,
,,,9.480000496,-400.00000596E-3,
,,,9.484000206,-400.00000596E-3,
,,,9.488000870,-400.00000596E-3,
,,,9.492000580,-400.00000596E-3,
,,,9.496000290,-400.00000596E-3,
,,,9.500000000,-400.00000596E-3,
,,,9.504000664,-400.00000596E-3,
,,,9.508000374,-400.00000596E-3,
,,,9.512000084,-400.00000596E-3,
,,,9.516000748,-400.00000596E-3,
,,,9.520000458,-400.00000596E-3,
,,,9.524000168,-400.00000596E-3,
,,,9.528000832,-400.00000596E-3,
,,,9.532000542,-400.00000596E-3,
,,,9.536000252,-400.00000596E-3,
,,,9.540000916,-400.00000596E-3,
,,,9.544000626,-400.00000596E-3,
,,,9.548000336,-400.00000596E-3,
,,,9.552000046,-400.00000596E-3,
,,,9.556000710,-400.00000596E-3,
,,,9.560000420,-400.00000596E-3,
,,,9.564000130,-400.00000596E-3,
,,,9.568000793,-400.00000596E-3,
,,,9.572000504,-400.00000596E-3,
,,,9.576000214,-400.00000596E-3,
,,,9.580000877,-400.00000596E-3,
,,,9.584000587,-400.00000596E-3,
,,,9.588000298,-400.00000596E-3,
,,,9.592000008,-400.00000596E-3,
,,,9.596000671,-400.00000596E-3,
,,,9.600000381,-400.00000596E-3,
,,,9.604000092,-400.00000596E-3,
,,,9.608000755,-400.00000596E-3,
,,,9.612000465,-400.00000596E-3,
,,,9.616000175,-400.00000596E-3,
,,,9.620000839,-400.00000596E-3,
,,,9.624000549,-400.00000596E-3,
,,,9.628000259,-400.00000596E-3,
,,,9.632000923,-400.00000596E-3,
,,,9.636000633,-400.00000596E-3,
,,,9.640000343,-400.00000596E-3,
,,,9.644000053,-400.00000596E-3,
,,,9.648000717,-400.00000596E-3,
,,,9.652000427,-400.00000596E-3,
,,,9.656000137,-400.00000596E-3,
,,,9.660000801,-400.00000596E-3,
,,,9.664000511,-400.00000596E-3,
,,,9.668000221,-400.00000596E-3,
,,,9.672000885,-400.00000596E-3,
,,,9.676000595,-400.00000596E-3,
,,,9.680000305,-400.00000596E-3,
,,,9.684000015,-400.00000596E-3,
,,,9.688000679,-400.00000596E-3,
,,,9.692000389,-400.00000596E-3,
,,,9.696000099,-400.00000596E-3,
,,,9.700000763,-400.00000596E-3,
,,,9.704000473,-400.00000596E-3,
,,,9.708000183,-400.00000596E-3,
,,,9.712000847,-400.00000596E-3,
,,,9.716000557,-400.00000596E-3,
,,,9.720000267,-400.00000596E-3,
,,,9.724000931,-400.00000596E-3,
,,,9.728000641,-400.00000596E-3,
,,,9.732000351,-400.00000596E-3,
,,,9.736000061,-400.00000596E-3,
,,,9.740000725,-400.00000596E-3,
,,,9.744000435,-400.00000596E-3,
,,,9.748000145,-400.00000596E-3,
,,,9.752000809,-400.00000596E-3,
,,,9.756000519,-400.00000596E-3,
,,,9.760000229,-400.00000596E-3,
,,,9.764000893,-400.00000596E-3,
,,,9.768000603,-400.00000596E-3,
,,,9.772000313,-400.00000596E-3,
,,,9.776000023,-400.00000596E-3,
,,,9.780000687,-400.00000596E-3,
,,,9.784000397,-400.00000596E-3,
,,,9.788000107,-400.00000596E-3,
,,,9.792000771,-400.00000596E-3,
,,,9.796000481,-400.00000596E-3,
,,,9.800000191,-400.00000596E-3,
,,,9.804000854,-400.00000596E-3,
,,,9.808000565,-400.00000596E-3,
,,,9.812000275,-400.00000596E-3,
,,,9.816000938,-400.00000596E-3,
,,,9.820000648,-400.00000596E-3,
,,,9.824000359,-400.00000596E-3,
,,,9.828000069,-400.00000596E-3,
,,,9.832000732,-400.00000596E-3,
,,,9.836000443,-400.00000596E-3,
,,,9.840000153,-400.00000596E-3,
,,,9.844000816,-400.00000596E-3,
,,,9.848000526,-400.00000596E-3,
,,,9.852000237,-400.00000596E-3,
,,,9.856000900,-400.00000596E-3,
,,,9.860000610,-400.00000596E-3,
,,,9.864000320,-400.00000596E-3,
,,,9.868000031,-400.00000596E-3,
,,,9.872000694,-400.00000596E-3,
,,,9.876000404,-400.00000596E-3,
,,,9.880000114,-400.00000596E-3,
,,,9.884000778,-400.00000596E-3,
,,,9.888000488,-400.00000596E-3,
,,,9.892000198,-400.00000596E-3,
,,,9.896000862,-400.00000596E-3,
,,,9.900000572,-400.00000596E-3,
,,,9.904000282,-400.00000596E-3,
,,,9.908000946,-400.00000596E-3,
,,,9.912000656,-400.00000596E-3,
,,,9.916000366,-400.00000596E-3,
,,,9.920000076,-400.00000596E-3,
,,,9.924000740,-400.00000596E-3,
,,,9.928000450,-400.00000596E-3,
,,,9.932000160,-400.00000596E-3,
,,,9.936000824,-400.00000596E-3,
,,,9.940000534,-400.00000596E-3,
,,,9.944000244,-400.00000596E-3,
,,,9.948000908,-400.00000596E-3,
,,,9.952000618,-400.00000596E-3,
,,,9.956000328,-400.00000596E-3,
,,,9.960000038,-400.00000596E-3,
,,,9.964000702,-400.00000596E-3,
,,,9.968000412,-400.00000596E-3,
,,,9.972000122,-400.00000596E-3,
,,,9.976000786,-400.00000596E-3,
,,,9.980000496,-400.00000596E-3,
,,,9.984000206,-400.00000596E-3,
,,,9.988000870,-400.00000596E-3,
,,,9.992000580,-400.00000596E-3,
,,,9.996000290,-400.00000596E-3,
