Record Length,2500,Points,193.00000370E-3,131.9999993E-3,
Sample Interval,19.9999995E-6,s,193.02000105E-3,136.0000074E-3,
Trigger Point,-9.650000887E3,Samples,193.03999841E-3,136.0000074E-3,
,,,193.06001067E-3,128.0000061E-3,
,,,193.08000803E-3,131.9999993E-3,
,,,193.10000539E-3,126.0000020E-3,
Source,CH2,,193.12000275E-3,130.0000101E-3,
Vertical Units,Volts,,193.14000010E-3,131.9999993E-3,
Vertical Scale,50.00000237E-3,,193.15999746E-3,131.9999993E-3,
Vertical Offset,0,,193.18000972E-3,128.0000061E-3,
Horizontal Units,s,,193.20000708E-3,128.0000061E-3,
Horizontal Scale,4.99999987E-3,,193.22000444E-3,118.0000082E-3,
Pt Fmt,Y,,193.24000180E-3,126.0000020E-3,
Yzero,-1.1200000,,193.25999916E-3,128.0000061E-3,
Probe Atten,10.0000000,,193.27999651E-3,114.0000075E-3,
,,,193.30000877E-3,122.0000088E-3,
Note,TBS 1104 - 5:04:59 PM   8/13/2018,,193.32000613E-3,120.0000048E-3,
,,,193.34000349E-3,122.0000088E-3,
,,,193.36000085E-3,122.0000088E-3,
,,,193.37999821E-3,116.0000041E-3,
,,,193.40001047E-3,116.0000041E-3,
,,,193.42000782E-3,118.0000082E-3,
,,,193.44000518E-3,118.0000082E-3,
,,,193.46000254E-3,112.0000035E-3,
,,,193.47999990E-3,112.0000035E-3,
,,,193.49999726E-3,104.0000021E-3,
,,,193.52000952E-3,106.0000062E-3,
,,,193.54000688E-3,112.0000035E-3,
,,,193.56000423E-3,102.0000055E-3,
,,,193.58000159E-3,98.000004888E-3,
,,,193.59999895E-3,104.0000021E-3,
,,,193.61999631E-3,104.0000021E-3,
,,,193.64000857E-3,98.000004888E-3,
,,,193.66000593E-3,102.0000055E-3,
,,,193.68000329E-3,100.0000015E-3,
,,,193.70000064E-3,104.0000021E-3,
,,,193.71999800E-3,112.0000035E-3,
,,,193.74001026E-3,102.0000055E-3,
,,,193.76000762E-3,96.000000834E-3,
,,,193.78000498E-3,98.000004888E-3,
,,,193.80000234E-3,96.000000834E-3,
,,,193.81999969E-3,98.000004888E-3,
,,,193.83999705E-3,98.000004888E-3,
,,,193.86000931E-3,106.0000062E-3,
,,,193.88000667E-3,90.000003576E-3,
,,,193.90000403E-3,100.0000015E-3,
,,,193.92000139E-3,90.000003576E-3,
,,,193.93999875E-3,88.000006974E-3,
,,,193.96001101E-3,98.000004888E-3,
,,,193.98000836E-3,96.000000834E-3,
,,,194.00000572E-3,98.000004888E-3,
,,,194.02000308E-3,88.000006974E-3,
,,,194.04000044E-3,86.000002921E-3,
,,,194.05999780E-3,98.000004888E-3,
,,,194.08001006E-3,102.0000055E-3,
,,,194.10000741E-3,84.000006318E-3,
,,,194.12000477E-3,90.000003576E-3,
,,,194.14000213E-3,86.000002921E-3,
,,,194.15999949E-3,86.000002921E-3,
,,,194.17999685E-3,90.000003576E-3,
,,,194.20000911E-3,96.000000834E-3,
,,,194.22000647E-3,86.000002921E-3,
,,,194.24000382E-3,82.000002265E-3,
,,,194.26000118E-3,90.000003576E-3,
,,,194.27999854E-3,90.000003576E-3,
,,,194.30001080E-3,86.000002921E-3,
,,,194.32000816E-3,90.000003576E-3,
,,,194.34000552E-3,82.000002265E-3,
,,,194.36000288E-3,88.000006974E-3,
,,,194.38000023E-3,90.000003576E-3,
,,,194.39999759E-3,88.000006974E-3,
,,,194.42000985E-3,88.000006974E-3,
,,,194.44000721E-3,78.000001609E-3,
,,,194.46000457E-3,78.000001609E-3,
,,,194.48000193E-3,86.000002921E-3,
,,,194.49999928E-3,84.000006318E-3,
,,,194.51999664E-3,86.000002921E-3,
,,,194.54000890E-3,82.000002265E-3,
,,,194.56000626E-3,84.000006318E-3,
,,,194.58000362E-3,86.000002921E-3,
,,,194.60000098E-3,84.000006318E-3,
,,,194.61999834E-3,78.000001609E-3,
,,,194.64001060E-3,78.000001609E-3,
,,,194.66000795E-3,82.000002265E-3,
,,,194.68000531E-3,78.000001609E-3,
,,,194.70000267E-3,84.000006318E-3,
,,,194.72000003E-3,74.000000954E-3,
,,,194.73999739E-3,78.000001609E-3,
,,,194.76000965E-3,78.000001609E-3,
,,,194.78000700E-3,82.000002265E-3,
,,,194.80000436E-3,84.000006318E-3,
,,,194.82000172E-3,78.000001609E-3,
,,,194.83999908E-3,74.000000954E-3,
,,,194.85999644E-3,76.000005007E-3,
,,,194.88000870E-3,78.000001609E-3,
,,,194.90000606E-3,74.000000954E-3,
,,,194.92000341E-3,72.000004351E-3,
,,,194.94000077E-3,80.000005662E-3,
,,,194.95999813E-3,80.000005662E-3,
,,,194.98001039E-3,72.000004351E-3,
,,,195.00000775E-3,65.999999642E-3,
,,,195.02000511E-3,76.000005007E-3,
,,,195.04000247E-3,82.000002265E-3,
,,,195.05999982E-3,68.000003695E-3,
,,,195.07999718E-3,74.000000954E-3,
,,,195.10000944E-3,72.000004351E-3,
,,,195.12000680E-3,72.000004351E-3,
,,,195.14000416E-3,70.000000298E-3,
,,,195.16000152E-3,70.000000298E-3,
,,,195.17999887E-3,64.000003040E-3,
,,,195.19999623E-3,74.000000954E-3,
,,,195.22000849E-3,65.999999642E-3,
,,,195.24000585E-3,64.000003040E-3,
,,,195.26000321E-3,68.000003695E-3,
,,,195.28000057E-3,70.000000298E-3,
,,,195.29999793E-3,65.999999642E-3,
,,,195.32001019E-3,64.000003040E-3,
,,,195.34000754E-3,58.000002056E-3,
,,,195.36000490E-3,64.000003040E-3,
,,,195.38000226E-3,65.999999642E-3,
,,,195.39999962E-3,58.000002056E-3,
,,,195.41999698E-3,65.999999642E-3,
,,,195.44000924E-3,60.000002384E-3,
,,,195.46000659E-3,58.000002056E-3,
,,,195.48000395E-3,60.000002384E-3,
,,,195.50000131E-3,62.000002712E-3,
,,,195.51999867E-3,60.000002384E-3,
,,,195.54001093E-3,56.000001729E-3,
,,,195.56000829E-3,58.000002056E-3,
,,,195.58000565E-3,58.000002056E-3,
,,,195.60000300E-3,58.000002056E-3,
,,,195.62000036E-3,46.00000381E-3,
,,,195.63999772E-3,52.00000107E-3,
,,,195.66000998E-3,62.000002712E-3,
,,,195.68000734E-3,58.000002056E-3,
,,,195.70000470E-3,50.00000075E-3,
,,,195.72000206E-3,62.000002712E-3,
,,,195.73999941E-3,50.00000075E-3,
,,,195.75999677E-3,54.00000140E-3,
,,,195.78000903E-3,54.00000140E-3,
,,,195.80000639E-3,52.00000107E-3,
,,,195.82000375E-3,60.000002384E-3,
,,,195.84000111E-3,56.000001729E-3,
,,,195.85999846E-3,60.000002384E-3,
,,,195.88001072E-3,50.00000075E-3,
,,,195.90000808E-3,52.00000107E-3,
,,,195.92000544E-3,58.000002056E-3,
,,,195.94000280E-3,54.00000140E-3,
,,,195.96000016E-3,52.00000107E-3,
,,,195.97999752E-3,52.00000107E-3,
,,,196.00000978E-3,54.00000140E-3,
,,,196.02000713E-3,54.00000140E-3,
,,,196.04000449E-3,54.00000140E-3,
,,,196.06000185E-3,54.00000140E-3,
,,,196.07999921E-3,65.999999642E-3,
,,,196.09999657E-3,56.000001729E-3,
,,,196.12000883E-3,46.00000381E-3,
,,,196.14000618E-3,46.00000381E-3,
,,,196.16000354E-3,52.00000107E-3,
,,,196.18000090E-3,52.00000107E-3,
,,,196.19999826E-3,54.00000140E-3,
,,,196.22001052E-3,50.00000075E-3,
,,,196.24000788E-3,52.00000107E-3,
,,,196.26000524E-3,50.00000075E-3,
,,,196.28000259E-3,44.00000349E-3,
,,,196.29999995E-3,50.00000075E-3,
,,,196.31999731E-3,50.00000075E-3,
,,,196.34000957E-3,50.00000075E-3,
,,,196.36000693E-3,54.00000140E-3,
,,,196.38000429E-3,50.00000075E-3,
,,,196.40000165E-3,50.00000075E-3,
,,,196.41999900E-3,46.00000381E-3,
,,,196.43999636E-3,52.00000107E-3,
,,,196.46000862E-3,46.00000381E-3,
,,,196.48000598E-3,50.00000075E-3,
,,,196.50000334E-3,48.00000042E-3,
,,,196.52000070E-3,48.00000042E-3,
,,,196.53999805E-3,44.00000349E-3,
,,,196.56001031E-3,44.00000349E-3,
,,,196.58000767E-3,46.00000381E-3,
,,,196.60000503E-3,52.00000107E-3,
,,,196.62000239E-3,48.00000042E-3,
,,,196.63999975E-3,48.00000042E-3,
,,,196.65999711E-3,50.00000075E-3,
,,,196.68000937E-3,42.00000316E-3,
,,,196.70000672E-3,52.00000107E-3,
,,,196.72000408E-3,50.00000075E-3,
,,,196.74000144E-3,48.00000042E-3,
,,,196.75999880E-3,38.00000250E-3,
,,,196.77999616E-3,44.00000349E-3,
,,,196.80000842E-3,46.00000381E-3,
,,,196.82000577E-3,42.00000316E-3,
,,,196.84000313E-3,44.00000349E-3,
,,,196.86000049E-3,52.00000107E-3,
,,,196.87999785E-3,48.00000042E-3,
,,,196.90001011E-3,52.00000107E-3,
,,,196.92000747E-3,44.00000349E-3,
,,,196.94000483E-3,52.00000107E-3,
,,,196.96000218E-3,48.00000042E-3,
,,,196.97999954E-3,40.00000283E-3,
,,,196.99999690E-3,44.00000349E-3,
,,,197.02000916E-3,38.00000250E-3,
,,,197.04000652E-3,44.00000349E-3,
,,,197.06000388E-3,48.00000042E-3,
,,,197.08000124E-3,48.00000042E-3,
,,,197.09999859E-3,42.00000316E-3,
,,,197.12001085E-3,50.00000075E-3,
,,,197.14000821E-3,40.00000283E-3,
,,,197.16000557E-3,50.00000075E-3,
,,,197.18000293E-3,42.00000316E-3,
,,,197.20000029E-3,44.00000349E-3,
,,,197.21999764E-3,54.00000140E-3,
,,,197.24000990E-3,60.000002384E-3,
,,,197.26000726E-3,44.00000349E-3,
,,,197.28000462E-3,44.00000349E-3,
,,,197.30000198E-3,46.00000381E-3,
,,,197.31999934E-3,48.00000042E-3,
,,,197.33999670E-3,46.00000381E-3,
,,,197.36000896E-3,50.00000075E-3,
,,,197.38000631E-3,48.00000042E-3,
,,,197.40000367E-3,44.00000349E-3,
,,,197.42000103E-3,42.00000316E-3,
,,,197.43999839E-3,44.00000349E-3,
,,,197.46001065E-3,46.00000381E-3,
,,,197.48000801E-3,46.00000381E-3,
,,,197.50000536E-3,46.00000381E-3,
,,,197.52000272E-3,50.00000075E-3,
,,,197.54000008E-3,44.00000349E-3,
,,,197.55999744E-3,44.00000349E-3,
,,,197.58000970E-3,44.00000349E-3,
,,,197.60000706E-3,48.00000042E-3,
,,,197.62000442E-3,46.00000381E-3,
,,,197.64000177E-3,44.00000349E-3,
,,,197.65999913E-3,40.00000283E-3,
,,,197.67999649E-3,48.00000042E-3,
,,,197.70000875E-3,44.00000349E-3,
,,,197.72000611E-3,38.00000250E-3,
,,,197.74000347E-3,44.00000349E-3,
,,,197.76000082E-3,52.00000107E-3,
,,,197.77999818E-3,52.00000107E-3,
,,,197.80001044E-3,50.00000075E-3,
,,,197.82000780E-3,46.00000381E-3,
,,,197.84000516E-3,44.00000349E-3,
,,,197.86000252E-3,36.00000218E-3,
,,,197.87999988E-3,38.00000250E-3,
,,,197.89999723E-3,44.00000349E-3,
,,,197.92000949E-3,50.00000075E-3,
,,,197.94000685E-3,44.00000349E-3,
,,,197.96000421E-3,44.00000349E-3,
,,,197.98000157E-3,46.00000381E-3,
,,,197.99999893E-3,44.00000349E-3,
,,,198.01999629E-3,44.00000349E-3,
,,,198.04000854E-3,46.00000381E-3,
,,,198.06000590E-3,44.00000349E-3,
,,,198.08000326E-3,46.00000381E-3,
,,,198.10000062E-3,52.00000107E-3,
,,,198.11999798E-3,52.00000107E-3,
,,,198.14001024E-3,48.00000042E-3,
,,,198.16000760E-3,52.00000107E-3,
,,,198.18000495E-3,48.00000042E-3,
,,,198.20000231E-3,56.000001729E-3,
,,,198.21999967E-3,50.00000075E-3,
,,,198.23999703E-3,56.000001729E-3,
,,,198.26000929E-3,46.00000381E-3,
,,,198.28000665E-3,52.00000107E-3,
,,,198.30000401E-3,50.00000075E-3,
,,,198.32000136E-3,46.00000381E-3,
,,,198.33999872E-3,56.000001729E-3,
,,,198.36001098E-3,48.00000042E-3,
,,,198.38000834E-3,44.00000349E-3,
,,,198.40000570E-3,48.00000042E-3,
,,,198.42000306E-3,50.00000075E-3,
,,,198.44000041E-3,48.00000042E-3,
,,,198.45999777E-3,50.00000075E-3,
,,,198.48001003E-3,46.00000381E-3,
,,,198.50000739E-3,52.00000107E-3,
,,,198.52000475E-3,44.00000349E-3,
,,,198.54000211E-3,50.00000075E-3,
,,,198.55999947E-3,52.00000107E-3,
,,,198.57999682E-3,56.000001729E-3,
,,,198.60000908E-3,48.00000042E-3,
,,,198.62000644E-3,56.000001729E-3,
,,,198.64000380E-3,52.00000107E-3,
,,,198.66000116E-3,56.000001729E-3,
,,,198.67999852E-3,50.00000075E-3,
,,,198.70001078E-3,54.00000140E-3,
,,,198.72000813E-3,52.00000107E-3,
,,,198.74000549E-3,50.00000075E-3,
,,,198.76000285E-3,46.00000381E-3,
,,,198.78000021E-3,48.00000042E-3,
,,,198.79999757E-3,58.000002056E-3,
,,,198.82000983E-3,46.00000381E-3,
,,,198.84000719E-3,58.000002056E-3,
,,,198.86000454E-3,56.000001729E-3,
,,,198.88000190E-3,48.00000042E-3,
,,,198.89999926E-3,52.00000107E-3,
,,,198.91999662E-3,60.000002384E-3,
,,,198.94000888E-3,50.00000075E-3,
,,,198.96000624E-3,54.00000140E-3,
,,,198.98000360E-3,54.00000140E-3,
,,,199.00000095E-3,58.000002056E-3,
,,,199.01999831E-3,62.000002712E-3,
,,,199.04001057E-3,50.00000075E-3,
,,,199.06000793E-3,50.00000075E-3,
,,,199.08000529E-3,54.00000140E-3,
,,,199.10000265E-3,64.000003040E-3,
,,,199.12000000E-3,60.000002384E-3,
,,,199.13999736E-3,56.000001729E-3,
,,,199.16000962E-3,56.000001729E-3,
,,,199.18000698E-3,44.00000349E-3,
,,,199.20000434E-3,60.000002384E-3,
,,,199.22000170E-3,46.00000381E-3,
,,,199.23999906E-3,60.000002384E-3,
,,,199.25999641E-3,56.000001729E-3,
,,,199.28000867E-3,62.000002712E-3,
,,,199.30000603E-3,60.000002384E-3,
,,,199.32000339E-3,64.000003040E-3,
,,,199.34000075E-3,56.000001729E-3,
,,,199.35999811E-3,62.000002712E-3,
,,,199.38001037E-3,60.000002384E-3,
,,,199.40000772E-3,58.000002056E-3,
,,,199.42000508E-3,60.000002384E-3,
,,,199.44000244E-3,64.000003040E-3,
,,,199.45999980E-3,58.000002056E-3,
,,,199.47999716E-3,62.000002712E-3,
,,,199.50000942E-3,64.000003040E-3,
,,,199.52000678E-3,60.000002384E-3,
,,,199.54000413E-3,65.999999642E-3,
,,,199.56000149E-3,65.999999642E-3,
,,,199.57999885E-3,74.000000954E-3,
,,,199.59999621E-3,56.000001729E-3,
,,,199.62000847E-3,68.000003695E-3,
,,,199.64000583E-3,64.000003040E-3,
,,,199.66000319E-3,64.000003040E-3,
,,,199.68000054E-3,70.000000298E-3,
,,,199.69999790E-3,65.999999642E-3,
,,,199.72001016E-3,68.000003695E-3,
,,,199.74000752E-3,72.000004351E-3,
,,,199.76000488E-3,64.000003040E-3,
,,,199.78000224E-3,74.000000954E-3,
,,,199.79999959E-3,65.999999642E-3,
,,,199.81999695E-3,76.000005007E-3,
,,,199.84000921E-3,64.000003040E-3,
,,,199.86000657E-3,70.000000298E-3,
,,,199.88000393E-3,72.000004351E-3,
,,,199.90000129E-3,72.000004351E-3,
,,,199.91999865E-3,78.000001609E-3,
,,,199.94001091E-3,70.000000298E-3,
,,,199.96000826E-3,65.999999642E-3,
,,,199.98000562E-3,74.000000954E-3,
,,,200.00000298E-3,80.000005662E-3,
,,,200.02000034E-3,70.000000298E-3,
,,,200.03999770E-3,78.000001609E-3,
,,,200.06000996E-3,78.000001609E-3,
,,,200.08000731E-3,74.000000954E-3,
,,,200.10000467E-3,76.000005007E-3,
,,,200.12000203E-3,76.000005007E-3,
,,,200.13999939E-3,72.000004351E-3,
,,,200.15999675E-3,82.000002265E-3,
,,,200.18000901E-3,72.000004351E-3,
,,,200.20000637E-3,80.000005662E-3,
,,,200.22000372E-3,82.000002265E-3,
,,,200.24000108E-3,76.000005007E-3,
,,,200.25999844E-3,84.000006318E-3,
,,,200.28001070E-3,80.000005662E-3,
,,,200.30000806E-3,80.000005662E-3,
,,,200.32000542E-3,82.000002265E-3,
,,,200.34000278E-3,78.000001609E-3,
,,,200.36000013E-3,82.000002265E-3,
,,,200.37999749E-3,90.000003576E-3,
,,,200.40000975E-3,82.000002265E-3,
,,,200.42000711E-3,82.000002265E-3,
,,,200.44000447E-3,86.000002921E-3,
,,,200.46000183E-3,82.000002265E-3,
,,,200.47999918E-3,94.000004232E-3,
,,,200.49999654E-3,90.000003576E-3,
,,,200.52000880E-3,80.000005662E-3,
,,,200.54000616E-3,90.000003576E-3,
,,,200.56000352E-3,82.000002265E-3,
,,,200.58000088E-3,96.000000834E-3,
,,,200.59999824E-3,94.000004232E-3,
,,,200.62001050E-3,92.000007629E-3,
,,,200.64000785E-3,92.000007629E-3,
,,,200.66000521E-3,80.000005662E-3,
,,,200.68000257E-3,92.000007629E-3,
,,,200.69999993E-3,92.000007629E-3,
,,,200.71999729E-3,84.000006318E-3,
,,,200.74000955E-3,84.000006318E-3,
,,,200.76000690E-3,88.000006974E-3,
,,,200.78000426E-3,90.000003576E-3,
,,,200.80000162E-3,92.000007629E-3,
,,,200.81999898E-3,86.000002921E-3,
,,,200.83999634E-3,86.000002921E-3,
,,,200.86000860E-3,96.000000834E-3,
,,,200.88000596E-3,88.000006974E-3,
,,,200.90000331E-3,96.000000834E-3,
,,,200.92000067E-3,100.0000015E-3,
,,,200.93999803E-3,94.000004232E-3,
,,,200.96001029E-3,86.000002921E-3,
,,,200.98000765E-3,88.000006974E-3,
,,,201.00000501E-3,94.000004232E-3,
,,,201.02000237E-3,92.000007629E-3,
,,,201.03999972E-3,88.000006974E-3,
,,,201.05999708E-3,92.000007629E-3,
,,,201.08000934E-3,94.000004232E-3,
,,,201.10000670E-3,92.000007629E-3,
,,,201.12000406E-3,88.000006974E-3,
,,,201.14000142E-3,96.000000834E-3,
,,,201.15999877E-3,100.0000015E-3,
,,,201.17999613E-3,86.000002921E-3,
,,,201.20000839E-3,92.000007629E-3,
,,,201.22000575E-3,98.000004888E-3,
,,,201.24000311E-3,100.0000015E-3,
,,,201.26000047E-3,98.000004888E-3,
,,,201.27999783E-3,98.000004888E-3,
,,,201.30001009E-3,104.0000021E-3,
,,,201.32000744E-3,102.0000055E-3,
,,,201.34000480E-3,98.000004888E-3,
,,,201.36000216E-3,92.000007629E-3,
,,,201.37999952E-3,102.0000055E-3,
,,,201.39999688E-3,104.0000021E-3,
,,,201.42000914E-3,100.0000015E-3,
,,,201.44000649E-3,100.0000015E-3,
,,,201.46000385E-3,100.0000015E-3,
,,,201.48000121E-3,98.000004888E-3,
,,,201.49999857E-3,100.0000015E-3,
,,,201.52001083E-3,100.0000015E-3,
,,,201.54000819E-3,108.0000028E-3,
,,,201.56000555E-3,108.0000028E-3,
,,,201.58000290E-3,110.0000069E-3,
,,,201.60000026E-3,108.0000028E-3,
,,,201.61999762E-3,108.0000028E-3,
,,,201.64000988E-3,108.0000028E-3,
,,,201.66000724E-3,110.0000069E-3,
,,,201.68000460E-3,108.0000028E-3,
,,,201.70000196E-3,118.0000082E-3,
,,,201.71999931E-3,110.0000069E-3,
,,,201.73999667E-3,114.0000075E-3,
,,,201.76000893E-3,118.0000082E-3,
,,,201.78000629E-3,118.0000082E-3,
,,,201.80000365E-3,122.0000088E-3,
,,,201.82000101E-3,116.0000041E-3,
,,,201.83999836E-3,118.0000082E-3,
,,,201.86001062E-3,120.0000048E-3,
,,,201.88000798E-3,120.0000048E-3,
,,,201.90000534E-3,124.0000054E-3,
,,,201.92000270E-3,120.0000048E-3,
,,,201.94000006E-3,122.0000088E-3,
,,,201.95999742E-3,124.0000054E-3,
,,,201.98000968E-3,116.0000041E-3,
,,,202.00000703E-3,120.0000048E-3,
,,,202.02000439E-3,122.0000088E-3,
,,,202.04000175E-3,131.9999993E-3,
,,,202.05999911E-3,128.0000061E-3,
,,,202.07999647E-3,128.0000061E-3,
,,,202.10000873E-3,126.0000020E-3,
,,,202.12000608E-3,126.0000020E-3,
,,,202.14000344E-3,128.0000061E-3,
,,,202.16000080E-3,134.0000033E-3,
,,,202.17999816E-3,130.0000101E-3,
,,,202.20001042E-3,126.0000020E-3,
,,,202.22000778E-3,130.0000101E-3,
,,,202.24000514E-3,134.0000033E-3,
,,,202.26000249E-3,140.0000006E-3,
,,,202.27999985E-3,134.0000033E-3,
,,,202.29999721E-3,138.0000114E-3,
,,,202.32000947E-3,130.0000101E-3,
,,,202.34000683E-3,134.0000033E-3,
,,,202.36000419E-3,134.0000033E-3,
,,,202.38000154E-3,134.0000033E-3,
,,,202.39999890E-3,131.9999993E-3,
,,,202.41999626E-3,124.0000054E-3,
,,,202.44000852E-3,131.9999993E-3,
,,,202.46000588E-3,136.0000074E-3,
,,,202.48000324E-3,128.0000061E-3,
,,,202.50000060E-3,128.0000061E-3,
,,,202.51999795E-3,140.0000006E-3,
,,,202.54001021E-3,126.0000020E-3,
,,,202.56000757E-3,136.0000074E-3,
,,,202.58000493E-3,136.0000074E-3,
,,,202.60000229E-3,130.0000101E-3,
,,,202.61999965E-3,128.0000061E-3,
,,,202.63999701E-3,136.0000074E-3,
,,,202.66000926E-3,142.0000046E-3,
,,,202.68000662E-3,120.0000048E-3,
,,,202.70000398E-3,130.0000101E-3,
,,,202.72000134E-3,134.0000033E-3,
,,,202.73999870E-3,134.0000033E-3,
,,,202.75999606E-3,126.0000020E-3,
,,,202.78000832E-3,128.0000061E-3,
,,,202.80000567E-3,130.0000101E-3,
,,,202.82000303E-3,134.0000033E-3,
,,,202.84000039E-3,126.0000020E-3,
,,,202.85999775E-3,124.0000054E-3,
,,,202.88001001E-3,124.0000054E-3,
,,,202.90000737E-3,128.0000061E-3,
,,,202.92000473E-3,124.0000054E-3,
,,,202.94000208E-3,126.0000020E-3,
,,,202.95999944E-3,128.0000061E-3,
,,,202.97999680E-3,122.0000088E-3,
,,,203.00000906E-3,128.0000061E-3,
,,,203.02000642E-3,124.0000054E-3,
,,,203.04000378E-3,126.0000020E-3,
,,,203.06000113E-3,134.0000033E-3,
,,,203.07999849E-3,134.0000033E-3,
,,,203.10001075E-3,122.0000088E-3,
,,,203.12000811E-3,134.0000033E-3,
,,,203.14000547E-3,126.0000020E-3,
,,,203.16000283E-3,130.0000101E-3,
,,,203.18000019E-3,130.0000101E-3,
,,,203.19999754E-3,126.0000020E-3,
,,,203.22000980E-3,128.0000061E-3,
,,,203.24000716E-3,124.0000054E-3,
,,,203.26000452E-3,128.0000061E-3,
,,,203.28000188E-3,134.0000033E-3,
,,,203.29999924E-3,118.0000082E-3,
,,,203.31999660E-3,126.0000020E-3,
,,,203.34000885E-3,122.0000088E-3,
,,,203.36000621E-3,130.0000101E-3,
,,,203.38000357E-3,134.0000033E-3,
,,,203.40000093E-3,126.0000020E-3,
,,,203.41999829E-3,134.0000033E-3,
,,,203.44001055E-3,131.9999993E-3,
,,,203.46000791E-3,124.0000054E-3,
,,,203.48000526E-3,144.0000087E-3,
,,,203.50000262E-3,134.0000033E-3,
,,,203.51999998E-3,134.0000033E-3,
,,,203.53999734E-3,136.0000074E-3,
,,,203.56000960E-3,140.0000006E-3,
,,,203.58000696E-3,136.0000074E-3,
,,,203.60000432E-3,134.0000033E-3,
,,,203.62000167E-3,136.0000074E-3,
,,,203.63999903E-3,146.0000128E-3,
,,,203.65999639E-3,140.0000006E-3,
,,,203.68000865E-3,128.0000061E-3,
,,,203.70000601E-3,138.0000114E-3,
,,,203.72000337E-3,142.0000046E-3,
,,,203.74000072E-3,138.0000114E-3,
,,,203.75999808E-3,140.0000006E-3,
,,,203.78001034E-3,134.0000033E-3,
,,,203.80000770E-3,136.0000074E-3,
,,,203.82000506E-3,134.0000033E-3,
,,,203.84000242E-3,142.0000046E-3,
,,,203.85999978E-3,144.0000087E-3,
,,,203.87999713E-3,142.0000046E-3,
,,,203.90000939E-3,146.0000128E-3,
,,,203.92000675E-3,136.0000074E-3,
,,,203.94000411E-3,136.0000074E-3,
,,,203.96000147E-3,144.0000087E-3,
,,,203.97999883E-3,138.0000114E-3,
,,,203.99999619E-3,142.0000046E-3,
,,,204.02000844E-3,140.0000006E-3,
,,,204.04000580E-3,138.0000114E-3,
,,,204.06000316E-3,134.0000033E-3,
,,,204.08000052E-3,148.0000019E-3,
,,,204.09999788E-3,138.0000114E-3,
,,,204.12001014E-3,144.0000087E-3,
,,,204.14000750E-3,150.00000596E-3,
,,,204.16000485E-3,144.0000087E-3,
,,,204.18000221E-3,144.0000087E-3,
,,,204.19999957E-3,142.0000046E-3,
,,,204.21999693E-3,134.0000033E-3,
,,,204.24000919E-3,144.0000087E-3,
,,,204.26000655E-3,140.0000006E-3,
,,,204.28000391E-3,140.0000006E-3,
,,,204.30000126E-3,136.0000074E-3,
,,,204.31999862E-3,138.0000114E-3,
,,,204.33999598E-3,140.0000006E-3,
,,,204.36000824E-3,134.0000033E-3,
,,,204.38000560E-3,128.0000061E-3,
,,,204.40000296E-3,142.0000046E-3,
,,,204.42000031E-3,138.0000114E-3,
,,,204.43999767E-3,136.0000074E-3,
,,,204.46000993E-3,136.0000074E-3,
,,,204.48000729E-3,134.0000033E-3,
,,,204.50000465E-3,138.0000114E-3,
,,,204.52000201E-3,118.0000082E-3,
,,,204.53999937E-3,136.0000074E-3,
,,,204.55999672E-3,130.0000101E-3,
,,,204.58000898E-3,130.0000101E-3,
,,,204.60000634E-3,126.0000020E-3,
,,,204.62000370E-3,124.0000054E-3,
,,,204.64000106E-3,124.0000054E-3,
,,,204.65999842E-3,126.0000020E-3,
,,,204.68001068E-3,128.0000061E-3,
,,,204.70000803E-3,131.9999993E-3,
,,,204.72000539E-3,124.0000054E-3,
,,,204.74000275E-3,128.0000061E-3,
,,,204.76000011E-3,118.0000082E-3,
,,,204.77999747E-3,126.0000020E-3,
,,,204.80000973E-3,130.0000101E-3,
,,,204.82000709E-3,116.0000041E-3,
,,,204.84000444E-3,116.0000041E-3,
,,,204.86000180E-3,116.0000041E-3,
,,,204.87999916E-3,112.0000035E-3,
,,,204.89999652E-3,110.0000069E-3,
,,,204.92000878E-3,112.0000035E-3,
,,,204.94000614E-3,102.0000055E-3,
,,,204.96000350E-3,102.0000055E-3,
,,,204.98000085E-3,110.0000069E-3,
,,,204.99999821E-3,104.0000021E-3,
,,,205.02001047E-3,108.0000028E-3,
,,,205.04000783E-3,106.0000062E-3,
,,,205.06000519E-3,104.0000021E-3,
,,,205.08000255E-3,110.0000069E-3,
,,,205.09999990E-3,110.0000069E-3,
,,,205.11999726E-3,96.000000834E-3,
,,,205.14000952E-3,112.0000035E-3,
,,,205.16000688E-3,102.0000055E-3,
,,,205.18000424E-3,104.0000021E-3,
,,,205.20000160E-3,94.000004232E-3,
,,,205.21999896E-3,100.0000015E-3,
,,,205.23999631E-3,92.000007629E-3,
,,,205.26000857E-3,94.000004232E-3,
,,,205.28000593E-3,98.000004888E-3,
,,,205.30000329E-3,100.0000015E-3,
,,,205.32000065E-3,98.000004888E-3,
,,,205.33999801E-3,100.0000015E-3,
,,,205.36001027E-3,88.000006974E-3,
,,,205.38000762E-3,98.000004888E-3,
,,,205.40000498E-3,92.000007629E-3,
,,,205.42000234E-3,90.000003576E-3,
,,,205.43999970E-3,92.000007629E-3,
,,,205.45999706E-3,98.000004888E-3,
,,,205.48000932E-3,84.000006318E-3,
,,,205.50000668E-3,92.000007629E-3,
,,,205.52000403E-3,92.000007629E-3,
,,,205.54000139E-3,84.000006318E-3,
,,,205.55999875E-3,86.000002921E-3,
,,,205.57999611E-3,86.000002921E-3,
,,,205.60000837E-3,90.000003576E-3,
,,,205.62000573E-3,84.000006318E-3,
,,,205.64000309E-3,88.000006974E-3,
,,,205.66000044E-3,90.000003576E-3,
,,,205.67999780E-3,92.000007629E-3,
,,,205.70001006E-3,86.000002921E-3,
,,,205.72000742E-3,84.000006318E-3,
,,,205.74000478E-3,80.000005662E-3,
,,,205.76000214E-3,82.000002265E-3,
,,,205.77999949E-3,80.000005662E-3,
,,,205.79999685E-3,84.000006318E-3,
,,,205.82000911E-3,92.000007629E-3,
,,,205.84000647E-3,80.000005662E-3,
,,,205.86000383E-3,78.000001609E-3,
,,,205.88000119E-3,90.000003576E-3,
,,,205.89999855E-3,80.000005662E-3,
,,,205.92001081E-3,80.000005662E-3,
,,,205.94000816E-3,80.000005662E-3,
,,,205.96000552E-3,84.000006318E-3,
,,,205.98000288E-3,90.000003576E-3,
,,,206.00000024E-3,82.000002265E-3,
,,,206.01999760E-3,84.000006318E-3,
,,,206.04000986E-3,82.000002265E-3,
,,,206.06000721E-3,80.000005662E-3,
,,,206.08000457E-3,70.000000298E-3,
,,,206.10000193E-3,82.000002265E-3,
,,,206.11999929E-3,82.000002265E-3,
,,,206.13999665E-3,82.000002265E-3,
,,,206.16000891E-3,72.000004351E-3,
,,,206.18000627E-3,82.000002265E-3,
,,,206.20000362E-3,86.000002921E-3,
,,,206.22000098E-3,72.000004351E-3,
,,,206.23999834E-3,84.000006318E-3,
,,,206.26001060E-3,78.000001609E-3,
,,,206.28000796E-3,76.000005007E-3,
,,,206.30000532E-3,84.000006318E-3,
,,,206.32000268E-3,86.000002921E-3,
,,,206.34000003E-3,76.000005007E-3,
,,,206.35999739E-3,78.000001609E-3,
,,,206.38000965E-3,72.000004351E-3,
,,,206.40000701E-3,74.000000954E-3,
,,,206.42000437E-3,80.000005662E-3,
,,,206.44000173E-3,70.000000298E-3,
,,,206.45999908E-3,72.000004351E-3,
,,,206.47999644E-3,80.000005662E-3,
,,,206.50000870E-3,78.000001609E-3,
,,,206.52000606E-3,74.000000954E-3,
,,,206.54000342E-3,74.000000954E-3,
,,,206.56000078E-3,74.000000954E-3,
,,,206.57999814E-3,74.000000954E-3,
,,,206.60001040E-3,78.000001609E-3,
,,,206.62000775E-3,76.000005007E-3,
,,,206.64000511E-3,70.000000298E-3,
,,,206.66000247E-3,68.000003695E-3,
,,,206.67999983E-3,72.000004351E-3,
,,,206.69999719E-3,65.999999642E-3,
,,,206.72000945E-3,70.000000298E-3,
,,,206.74000680E-3,65.999999642E-3,
,,,206.76000416E-3,68.000003695E-3,
,,,206.78000152E-3,62.000002712E-3,
,,,206.79999888E-3,72.000004351E-3,
,,,206.81999624E-3,68.000003695E-3,
,,,206.84000850E-3,72.000004351E-3,
,,,206.86000586E-3,64.000003040E-3,
,,,206.88000321E-3,65.999999642E-3,
,,,206.90000057E-3,65.999999642E-3,
,,,206.91999793E-3,68.000003695E-3,
,,,206.94001019E-3,68.000003695E-3,
,,,206.96000755E-3,70.000000298E-3,
,,,206.98000491E-3,65.999999642E-3,
,,,207.00000226E-3,72.000004351E-3,
,,,207.01999962E-3,60.000002384E-3,
,,,207.03999698E-3,58.000002056E-3,
,,,207.06000924E-3,65.999999642E-3,
,,,207.08000660E-3,65.999999642E-3,
,,,207.10000396E-3,72.000004351E-3,
,,,207.12000132E-3,64.000003040E-3,
,,,207.13999867E-3,64.000003040E-3,
,,,207.15999603E-3,64.000003040E-3,
,,,207.18000829E-3,64.000003040E-3,
,,,207.20000565E-3,62.000002712E-3,
,,,207.22000301E-3,64.000003040E-3,
,,,207.24000037E-3,64.000003040E-3,
,,,207.25999773E-3,62.000002712E-3,
,,,207.28000998E-3,70.000000298E-3,
,,,207.30000734E-3,64.000003040E-3,
,,,207.32000470E-3,62.000002712E-3,
,,,207.34000206E-3,64.000003040E-3,
,,,207.35999942E-3,58.000002056E-3,
,,,207.37999678E-3,68.000003695E-3,
,,,207.40000904E-3,65.999999642E-3,
,,,207.42000639E-3,64.000003040E-3,
,,,207.44000375E-3,62.000002712E-3,
,,,207.46000111E-3,60.000002384E-3,
,,,207.47999847E-3,68.000003695E-3,
,,,207.50001073E-3,74.000000954E-3,
,,,207.52000809E-3,68.000003695E-3,
,,,207.54000545E-3,64.000003040E-3,
,,,207.56000280E-3,72.000004351E-3,
,,,207.58000016E-3,65.999999642E-3,
,,,207.59999752E-3,72.000004351E-3,
,,,207.62000978E-3,70.000000298E-3,
,,,207.64000714E-3,68.000003695E-3,
,,,207.66000450E-3,68.000003695E-3,
,,,207.68000185E-3,68.000003695E-3,
,,,207.69999921E-3,64.000003040E-3,
,,,207.71999657E-3,68.000003695E-3,
,,,207.74000883E-3,72.000004351E-3,
,,,207.76000619E-3,65.999999642E-3,
,,,207.78000355E-3,72.000004351E-3,
,,,207.80000091E-3,65.999999642E-3,
,,,207.81999826E-3,62.000002712E-3,
,,,207.84001052E-3,64.000003040E-3,
,,,207.86000788E-3,64.000003040E-3,
,,,207.88000524E-3,64.000003040E-3,
,,,207.90000260E-3,65.999999642E-3,
,,,207.91999996E-3,64.000003040E-3,
,,,207.93999732E-3,62.000002712E-3,
,,,207.96000957E-3,60.000002384E-3,
,,,207.98000693E-3,65.999999642E-3,
,,,208.00000429E-3,64.000003040E-3,
,,,208.02000165E-3,65.999999642E-3,
,,,208.03999901E-3,60.000002384E-3,
,,,208.05999637E-3,68.000003695E-3,
,,,208.08000863E-3,70.000000298E-3,
,,,208.10000598E-3,58.000002056E-3,
,,,208.12000334E-3,64.000003040E-3,
,,,208.14000070E-3,64.000003040E-3,
,,,208.15999806E-3,64.000003040E-3,
,,,208.18001032E-3,70.000000298E-3,
,,,208.20000768E-3,56.000001729E-3,
,,,208.22000504E-3,62.000002712E-3,
,,,208.24000239E-3,68.000003695E-3,
,,,208.25999975E-3,70.000000298E-3,
,,,208.27999711E-3,70.000000298E-3,
,,,208.30000937E-3,72.000004351E-3,
,,,208.32000673E-3,68.000003695E-3,
,,,208.34000409E-3,64.000003040E-3,
,,,208.36000144E-3,72.000004351E-3,
,,,208.37999880E-3,72.000004351E-3,
,,,208.39999616E-3,65.999999642E-3,
,,,208.42000842E-3,74.000000954E-3,
,,,208.44000578E-3,65.999999642E-3,
,,,208.46000314E-3,70.000000298E-3,
,,,208.48000050E-3,72.000004351E-3,
,,,208.49999785E-3,70.000000298E-3,
,,,208.52001011E-3,74.000000954E-3,
,,,208.54000747E-3,70.000000298E-3,
,,,208.56000483E-3,65.999999642E-3,
,,,208.58000219E-3,74.000000954E-3,
,,,208.59999955E-3,68.000003695E-3,
,,,208.61999691E-3,68.000003695E-3,
,,,208.64000916E-3,72.000004351E-3,
,,,208.66000652E-3,68.000003695E-3,
,,,208.68000388E-3,70.000000298E-3,
,,,208.70000124E-3,72.000004351E-3,
,,,208.71999860E-3,72.000004351E-3,
,,,208.73999596E-3,78.000001609E-3,
,,,208.76000822E-3,74.000000954E-3,
,,,208.78000557E-3,76.000005007E-3,
,,,208.80000293E-3,76.000005007E-3,
,,,208.82000029E-3,74.000000954E-3,
,,,208.83999765E-3,80.000005662E-3,
,,,208.86000991E-3,76.000005007E-3,
,,,208.88000727E-3,76.000005007E-3,
,,,208.90000463E-3,78.000001609E-3,
,,,208.92000198E-3,80.000005662E-3,
,,,208.93999934E-3,65.999999642E-3,
,,,208.95999670E-3,74.000000954E-3,
,,,208.98000896E-3,76.000005007E-3,
,,,209.00000632E-3,80.000005662E-3,
,,,209.02000368E-3,76.000005007E-3,
,,,209.04000103E-3,72.000004351E-3,
,,,209.05999839E-3,80.000005662E-3,
,,,209.08001065E-3,76.000005007E-3,
,,,209.10000801E-3,70.000000298E-3,
,,,209.12000537E-3,80.000005662E-3,
,,,209.14000273E-3,80.000005662E-3,
,,,209.16000009E-3,84.000006318E-3,
,,,209.17999744E-3,76.000005007E-3,
,,,209.20000970E-3,90.000003576E-3,
,,,209.22000706E-3,88.000006974E-3,
,,,209.24000442E-3,90.000003576E-3,
,,,209.26000178E-3,82.000002265E-3,
,,,209.27999914E-3,88.000006974E-3,
,,,209.29999650E-3,84.000006318E-3,
,,,209.32000875E-3,86.000002921E-3,
,,,209.34000611E-3,80.000005662E-3,
,,,209.36000347E-3,90.000003576E-3,
,,,209.38000083E-3,86.000002921E-3,
,,,209.39999819E-3,92.000007629E-3,
,,,209.42001045E-3,84.000006318E-3,
,,,209.44000781E-3,82.000002265E-3,
,,,209.46000516E-3,82.000002265E-3,
,,,209.48000252E-3,96.000000834E-3,
,,,209.49999988E-3,88.000006974E-3,
,,,209.51999724E-3,90.000003576E-3,
,,,209.54000950E-3,94.000004232E-3,
,,,209.56000686E-3,92.000007629E-3,
,,,209.58000422E-3,84.000006318E-3,
,,,209.60000157E-3,88.000006974E-3,
,,,209.61999893E-3,90.000003576E-3,
,,,209.63999629E-3,90.000003576E-3,
,,,209.66000855E-3,90.000003576E-3,
,,,209.68000591E-3,96.000000834E-3,
,,,209.70000327E-3,98.000004888E-3,
,,,209.72000062E-3,98.000004888E-3,
,,,209.73999798E-3,98.000004888E-3,
,,,209.76001024E-3,98.000004888E-3,
,,,209.78000760E-3,96.000000834E-3,
,,,209.80000496E-3,98.000004888E-3,
,,,209.82000232E-3,94.000004232E-3,
,,,209.83999968E-3,98.000004888E-3,
,,,209.85999703E-3,96.000000834E-3,
,,,209.88000929E-3,98.000004888E-3,
,,,209.90000665E-3,94.000004232E-3,
,,,209.92000401E-3,96.000000834E-3,
,,,209.94000137E-3,98.000004888E-3,
,,,209.95999873E-3,90.000003576E-3,
,,,209.97999609E-3,90.000003576E-3,
,,,210.00000834E-3,90.000003576E-3,
,,,210.02000570E-3,90.000003576E-3,
,,,210.04000306E-3,96.000000834E-3,
,,,210.06000042E-3,94.000004232E-3,
,,,210.07999778E-3,90.000003576E-3,
,,,210.10001004E-3,96.000000834E-3,
,,,210.12000740E-3,94.000004232E-3,
,,,210.14000475E-3,84.000006318E-3,
,,,210.16000211E-3,84.000006318E-3,
,,,210.17999947E-3,84.000006318E-3,
,,,210.19999683E-3,92.000007629E-3,
,,,210.22000909E-3,84.000006318E-3,
,,,210.24000645E-3,88.000006974E-3,
,,,210.26000381E-3,88.000006974E-3,
,,,210.28000116E-3,76.000005007E-3,
,,,210.29999852E-3,90.000003576E-3,
,,,210.31999588E-3,88.000006974E-3,
,,,210.34000814E-3,90.000003576E-3,
,,,210.36000550E-3,90.000003576E-3,
,,,210.38000286E-3,84.000006318E-3,
,,,210.40000021E-3,90.000003576E-3,
,,,210.41999757E-3,78.000001609E-3,
,,,210.44000983E-3,86.000002921E-3,
,,,210.46000719E-3,88.000006974E-3,
,,,210.48000455E-3,82.000002265E-3,
,,,210.50000191E-3,78.000001609E-3,
,,,210.51999927E-3,78.000001609E-3,
,,,210.53999662E-3,80.000005662E-3,
,,,210.56000888E-3,78.000001609E-3,
,,,210.58000624E-3,65.999999642E-3,
,,,210.60000360E-3,68.000003695E-3,
,,,210.62000096E-3,82.000002265E-3,
,,,210.63999832E-3,78.000001609E-3,
,,,210.66001058E-3,74.000000954E-3,
,,,210.68000793E-3,72.000004351E-3,
,,,210.70000529E-3,64.000003040E-3,
,,,210.72000265E-3,70.000000298E-3,
,,,210.74000001E-3,70.000000298E-3,
,,,210.75999737E-3,62.000002712E-3,
,,,210.78000963E-3,76.000005007E-3,
,,,210.80000699E-3,68.000003695E-3,
,,,210.82000434E-3,70.000000298E-3,
,,,210.84000170E-3,68.000003695E-3,
,,,210.85999906E-3,70.000000298E-3,
,,,210.87999642E-3,78.000001609E-3,
,,,210.90000868E-3,70.000000298E-3,
,,,210.92000604E-3,65.999999642E-3,
,,,210.94000340E-3,74.000000954E-3,
,,,210.96000075E-3,64.000003040E-3,
,,,210.97999811E-3,65.999999642E-3,
,,,211.00001037E-3,72.000004351E-3,
,,,211.02000773E-3,65.999999642E-3,
,,,211.04000509E-3,60.000002384E-3,
,,,211.06000245E-3,64.000003040E-3,
,,,211.07999980E-3,65.999999642E-3,
,,,211.09999716E-3,60.000002384E-3,
,,,211.12000942E-3,68.000003695E-3,
,,,211.14000678E-3,65.999999642E-3,
,,,211.16000414E-3,60.000002384E-3,
,,,211.18000150E-3,58.000002056E-3,
,,,211.19999886E-3,58.000002056E-3,
,,,211.21999621E-3,62.000002712E-3,
,,,211.24000847E-3,60.000002384E-3,
,,,211.26000583E-3,58.000002056E-3,
,,,211.28000319E-3,62.000002712E-3,
,,,211.30000055E-3,64.000003040E-3,
,,,211.31999791E-3,65.999999642E-3,
,,,211.34001017E-3,56.000001729E-3,
,,,211.36000752E-3,52.00000107E-3,
,,,211.38000488E-3,60.000002384E-3,
,,,211.40000224E-3,64.000003040E-3,
,,,211.41999960E-3,62.000002712E-3,
,,,211.43999696E-3,60.000002384E-3,
,,,211.46000922E-3,58.000002056E-3,
,,,211.48000658E-3,58.000002056E-3,
,,,211.50000393E-3,62.000002712E-3,
,,,211.52000129E-3,58.000002056E-3,
,,,211.53999865E-3,56.000001729E-3,
,,,211.55999601E-3,58.000002056E-3,
,,,211.58000827E-3,60.000002384E-3,
,,,211.60000563E-3,52.00000107E-3,
,,,211.62000299E-3,52.00000107E-3,
,,,211.64000034E-3,54.00000140E-3,
,,,211.65999770E-3,62.000002712E-3,
,,,211.68000996E-3,54.00000140E-3,
,,,211.70000732E-3,60.000002384E-3,
,,,211.72000468E-3,58.000002056E-3,
,,,211.74000204E-3,62.000002712E-3,
,,,211.75999939E-3,54.00000140E-3,
,,,211.77999675E-3,54.00000140E-3,
,,,211.80000901E-3,50.00000075E-3,
,,,211.82000637E-3,56.000001729E-3,
,,,211.84000373E-3,56.000001729E-3,
,,,211.86000109E-3,58.000002056E-3,
,,,211.87999845E-3,56.000001729E-3,
,,,211.89999580E-3,54.00000140E-3,
,,,211.92000806E-3,52.00000107E-3,
,,,211.94000542E-3,60.000002384E-3,
,,,211.96000278E-3,60.000002384E-3,
,,,211.98000014E-3,64.000003040E-3,
,,,211.99999750E-3,64.000003040E-3,
,,,212.02000976E-3,56.000001729E-3,
,,,212.04000711E-3,60.000002384E-3,
,,,212.06000447E-3,60.000002384E-3,
,,,212.08000183E-3,54.00000140E-3,
,,,212.09999919E-3,54.00000140E-3,
,,,212.11999655E-3,64.000003040E-3,
,,,212.14000881E-3,60.000002384E-3,
,,,212.16000617E-3,56.000001729E-3,
,,,212.18000352E-3,50.00000075E-3,
,,,212.20000088E-3,62.000002712E-3,
,,,212.21999824E-3,52.00000107E-3,
,,,212.24001050E-3,58.000002056E-3,
,,,212.26000786E-3,65.999999642E-3,
,,,212.28000522E-3,62.000002712E-3,
,,,212.30000257E-3,58.000002056E-3,
,,,212.31999993E-3,65.999999642E-3,
,,,212.33999729E-3,62.000002712E-3,
,,,212.36000955E-3,64.000003040E-3,
,,,212.38000691E-3,65.999999642E-3,
,,,212.40000427E-3,68.000003695E-3,
,,,212.42000163E-3,62.000002712E-3,
,,,212.43999898E-3,64.000003040E-3,
,,,212.45999634E-3,62.000002712E-3,
,,,212.48000860E-3,65.999999642E-3,
,,,212.50000596E-3,60.000002384E-3,
,,,212.52000332E-3,68.000003695E-3,
,,,212.54000068E-3,70.000000298E-3,
,,,212.55999804E-3,64.000003040E-3,
,,,212.58001029E-3,64.000003040E-3,
,,,212.60000765E-3,70.000000298E-3,
,,,212.62000501E-3,65.999999642E-3,
,,,212.64000237E-3,65.999999642E-3,
,,,212.65999973E-3,64.000003040E-3,
,,,212.67999709E-3,65.999999642E-3,
,,,212.70000935E-3,64.000003040E-3,
,,,212.72000670E-3,70.000000298E-3,
,,,212.74000406E-3,74.000000954E-3,
,,,212.76000142E-3,76.000005007E-3,
,,,212.77999878E-3,74.000000954E-3,
,,,212.79999614E-3,68.000003695E-3,
,,,212.82000840E-3,82.000002265E-3,
,,,212.84000576E-3,76.000005007E-3,
,,,212.86000311E-3,78.000001609E-3,
,,,212.88000047E-3,82.000002265E-3,
,,,212.89999783E-3,76.000005007E-3,
,,,212.92001009E-3,76.000005007E-3,
,,,212.94000745E-3,78.000001609E-3,
,,,212.96000481E-3,76.000005007E-3,
,,,212.98000216E-3,72.000004351E-3,
,,,212.99999952E-3,78.000001609E-3,
,,,213.01999688E-3,78.000001609E-3,
,,,213.04000914E-3,82.000002265E-3,
,,,213.06000650E-3,84.000006318E-3,
,,,213.08000386E-3,82.000002265E-3,
,,,213.10000122E-3,88.000006974E-3,
,,,213.11999857E-3,80.000005662E-3,
,,,213.13999593E-3,90.000003576E-3,
,,,213.16000819E-3,86.000002921E-3,
,,,213.18000555E-3,82.000002265E-3,
,,,213.20000291E-3,88.000006974E-3,
,,,213.22000027E-3,82.000002265E-3,
,,,213.23999763E-3,86.000002921E-3,
,,,213.26000988E-3,90.000003576E-3,
,,,213.28000724E-3,88.000006974E-3,
,,,213.30000460E-3,100.0000015E-3,
,,,213.32000196E-3,86.000002921E-3,
,,,213.33999932E-3,82.000002265E-3,
,,,213.35999668E-3,84.000006318E-3,
,,,213.38000894E-3,86.000002921E-3,
,,,213.40000629E-3,98.000004888E-3,
,,,213.42000365E-3,88.000006974E-3,
,,,213.44000101E-3,90.000003576E-3,
,,,213.45999837E-3,96.000000834E-3,
,,,213.47999573E-3,90.000003576E-3,
,,,213.50000799E-3,98.000004888E-3,
,,,213.52000535E-3,94.000004232E-3,
,,,213.54000270E-3,92.000007629E-3,
,,,213.56000006E-3,98.000004888E-3,
,,,213.57999742E-3,90.000003576E-3,
,,,213.60000968E-3,90.000003576E-3,
,,,213.62000704E-3,98.000004888E-3,
,,,213.64000440E-3,96.000000834E-3,
,,,213.66000175E-3,88.000006974E-3,
,,,213.67999911E-3,86.000002921E-3,
,,,213.69999647E-3,84.000006318E-3,
,,,213.72000873E-3,92.000007629E-3,
,,,213.74000609E-3,92.000007629E-3,
,,,213.76000345E-3,86.000002921E-3,
,,,213.78000081E-3,88.000006974E-3,
,,,213.79999816E-3,86.000002921E-3,
,,,213.82001042E-3,88.000006974E-3,
,,,213.84000778E-3,90.000003576E-3,
,,,213.86000514E-3,90.000003576E-3,
,,,213.88000250E-3,92.000007629E-3,
,,,213.89999986E-3,82.000002265E-3,
,,,213.91999722E-3,82.000002265E-3,
,,,213.94000947E-3,86.000002921E-3,
,,,213.96000683E-3,84.000006318E-3,
,,,213.98000419E-3,88.000006974E-3,
,,,214.00000155E-3,84.000006318E-3,
,,,214.01999891E-3,84.000006318E-3,
,,,214.03999627E-3,78.000001609E-3,
,,,214.06000853E-3,88.000006974E-3,
,,,214.08000588E-3,90.000003576E-3,
,,,214.10000324E-3,82.000002265E-3,
,,,214.12000060E-3,94.000004232E-3,
,,,214.13999796E-3,74.000000954E-3,
,,,214.16001022E-3,70.000000298E-3,
,,,214.18000758E-3,74.000000954E-3,
,,,214.20000494E-3,78.000001609E-3,
,,,214.22000229E-3,76.000005007E-3,
,,,214.23999965E-3,68.000003695E-3,
,,,214.25999701E-3,78.000001609E-3,
,,,214.28000927E-3,78.000001609E-3,
,,,214.30000663E-3,78.000001609E-3,
,,,214.32000399E-3,78.000001609E-3,
,,,214.34000134E-3,72.000004351E-3,
,,,214.35999870E-3,74.000000954E-3,
,,,214.37999606E-3,74.000000954E-3,
,,,214.40000832E-3,72.000004351E-3,
,,,214.42000568E-3,76.000005007E-3,
,,,214.44000304E-3,72.000004351E-3,
,,,214.46000040E-3,64.000003040E-3,
,,,214.47999775E-3,74.000000954E-3,
,,,214.50001001E-3,74.000000954E-3,
,,,214.52000737E-3,70.000000298E-3,
,,,214.54000473E-3,64.000003040E-3,
,,,214.56000209E-3,64.000003040E-3,
,,,214.57999945E-3,64.000003040E-3,
,,,214.59999681E-3,65.999999642E-3,
,,,214.62000906E-3,60.000002384E-3,
,,,214.64000642E-3,62.000002712E-3,
,,,214.66000378E-3,64.000003040E-3,
,,,214.68000114E-3,60.000002384E-3,
,,,214.69999850E-3,60.000002384E-3,
,,,214.71999586E-3,60.000002384E-3,
,,,214.74000812E-3,58.000002056E-3,
,,,214.76000547E-3,56.000001729E-3,
,,,214.78000283E-3,58.000002056E-3,
,,,214.80000019E-3,62.000002712E-3,
,,,214.81999755E-3,56.000001729E-3,
,,,214.84000981E-3,60.000002384E-3,
,,,214.86000717E-3,58.000002056E-3,
,,,214.88000453E-3,60.000002384E-3,
,,,214.90000188E-3,58.000002056E-3,
,,,214.91999924E-3,54.00000140E-3,
,,,214.93999660E-3,54.00000140E-3,
,,,214.96000886E-3,56.000001729E-3,
,,,214.98000622E-3,58.000002056E-3,
,,,215.00000358E-3,52.00000107E-3,
,,,215.02000093E-3,56.000001729E-3,
,,,215.03999829E-3,50.00000075E-3,
,,,215.06001055E-3,52.00000107E-3,
,,,215.08000791E-3,58.000002056E-3,
,,,215.10000527E-3,52.00000107E-3,
,,,215.12000263E-3,54.00000140E-3,
,,,215.13999999E-3,50.00000075E-3,
,,,215.15999734E-3,60.000002384E-3,
,,,215.18000960E-3,56.000001729E-3,
,,,215.20000696E-3,50.00000075E-3,
,,,215.22000432E-3,52.00000107E-3,
,,,215.24000168E-3,52.00000107E-3,
,,,215.25999904E-3,54.00000140E-3,
,,,215.27999640E-3,50.00000075E-3,
,,,215.30000865E-3,50.00000075E-3,
,,,215.32000601E-3,54.00000140E-3,
,,,215.34000337E-3,52.00000107E-3,
,,,215.36000073E-3,48.00000042E-3,
,,,215.37999809E-3,52.00000107E-3,
,,,215.40001035E-3,44.00000349E-3,
,,,215.42000771E-3,40.00000283E-3,
,,,215.44000506E-3,46.00000381E-3,
,,,215.46000242E-3,58.000002056E-3,
,,,215.47999978E-3,56.000001729E-3,
,,,215.49999714E-3,52.00000107E-3,
,,,215.52000940E-3,50.00000075E-3,
,,,215.54000676E-3,56.000001729E-3,
,,,215.56000412E-3,58.000002056E-3,
,,,215.58000147E-3,58.000002056E-3,
,,,215.59999883E-3,52.00000107E-3,
,,,215.61999619E-3,52.00000107E-3,
,,,215.64000845E-3,50.00000075E-3,
,,,215.66000581E-3,58.000002056E-3,
,,,215.68000317E-3,56.000001729E-3,
,,,215.70000052E-3,58.000002056E-3,
,,,215.71999788E-3,50.00000075E-3,
,,,215.74001014E-3,54.00000140E-3,
,,,215.76000750E-3,54.00000140E-3,
,,,215.78000486E-3,56.000001729E-3,
,,,215.80000222E-3,56.000001729E-3,
,,,215.81999958E-3,56.000001729E-3,
,,,215.83999693E-3,54.00000140E-3,
,,,215.86000919E-3,58.000002056E-3,
,,,215.88000655E-3,60.000002384E-3,
,,,215.90000391E-3,54.00000140E-3,
,,,215.92000127E-3,60.000002384E-3,
,,,215.93999863E-3,62.000002712E-3,
,,,215.95999599E-3,58.000002056E-3,
,,,215.98000824E-3,52.00000107E-3,
,,,216.00000560E-3,58.000002056E-3,
,,,216.02000296E-3,54.00000140E-3,
,,,216.04000032E-3,54.00000140E-3,
,,,216.05999768E-3,60.000002384E-3,
,,,216.08000994E-3,58.000002056E-3,
,,,216.10000730E-3,64.000003040E-3,
,,,216.12000465E-3,62.000002712E-3,
,,,216.14000201E-3,68.000003695E-3,
,,,216.15999937E-3,60.000002384E-3,
,,,216.17999673E-3,58.000002056E-3,
,,,216.20000899E-3,64.000003040E-3,
,,,216.22000635E-3,62.000002712E-3,
,,,216.24000371E-3,58.000002056E-3,
,,,216.26000106E-3,64.000003040E-3,
,,,216.27999842E-3,58.000002056E-3,
,,,216.29999578E-3,62.000002712E-3,
,,,216.32000804E-3,56.000001729E-3,
,,,216.34000540E-3,58.000002056E-3,
,,,216.36000276E-3,65.999999642E-3,
,,,216.38000011E-3,64.000003040E-3,
,,,216.39999747E-3,65.999999642E-3,
,,,216.42000973E-3,65.999999642E-3,
,,,216.44000709E-3,64.000003040E-3,
,,,216.46000445E-3,64.000003040E-3,
,,,216.48000181E-3,70.000000298E-3,
,,,216.49999917E-3,80.000005662E-3,
,,,216.51999652E-3,76.000005007E-3,
,,,216.54000878E-3,78.000001609E-3,
,,,216.56000614E-3,72.000004351E-3,
,,,216.58000350E-3,74.000000954E-3,
,,,216.60000086E-3,74.000000954E-3,
,,,216.61999822E-3,72.000004351E-3,
,,,216.64001048E-3,78.000001609E-3,
,,,216.66000783E-3,80.000005662E-3,
,,,216.68000519E-3,72.000004351E-3,
,,,216.70000255E-3,78.000001609E-3,
,,,216.71999991E-3,78.000001609E-3,
,,,216.73999727E-3,80.000005662E-3,
,,,216.76000953E-3,78.000001609E-3,
,,,216.78000689E-3,88.000006974E-3,
,,,216.80000424E-3,80.000005662E-3,
,,,216.82000160E-3,90.000003576E-3,
,,,216.83999896E-3,78.000001609E-3,
,,,216.85999632E-3,74.000000954E-3,
,,,216.88000858E-3,82.000002265E-3,
,,,216.90000594E-3,84.000006318E-3,
,,,216.92000329E-3,78.000001609E-3,
,,,216.94000065E-3,84.000006318E-3,
,,,216.95999801E-3,82.000002265E-3,
,,,216.98001027E-3,78.000001609E-3,
,,,217.00000763E-3,78.000001609E-3,
,,,217.02000499E-3,90.000003576E-3,
,,,217.04000235E-3,84.000006318E-3,
,,,217.05999970E-3,86.000002921E-3,
,,,217.07999706E-3,86.000002921E-3,
,,,217.10000932E-3,90.000003576E-3,
,,,217.12000668E-3,94.000004232E-3,
,,,217.14000404E-3,82.000002265E-3,
,,,217.16000140E-3,84.000006318E-3,
,,,217.17999876E-3,84.000006318E-3,
,,,217.19999611E-3,86.000002921E-3,
,,,217.22000837E-3,90.000003576E-3,
,,,217.24000573E-3,94.000004232E-3,
,,,217.26000309E-3,82.000002265E-3,
,,,217.28000045E-3,88.000006974E-3,
,,,217.29999781E-3,94.000004232E-3,
,,,217.32001007E-3,84.000006318E-3,
,,,217.34000742E-3,90.000003576E-3,
,,,217.36000478E-3,86.000002921E-3,
,,,217.38000214E-3,86.000002921E-3,
,,,217.39999950E-3,84.000006318E-3,
,,,217.41999686E-3,84.000006318E-3,
,,,217.44000912E-3,86.000002921E-3,
,,,217.46000648E-3,86.000002921E-3,
,,,217.48000383E-3,86.000002921E-3,
,,,217.50000119E-3,84.000006318E-3,
,,,217.51999855E-3,80.000005662E-3,
,,,217.53999591E-3,92.000007629E-3,
,,,217.56000817E-3,80.000005662E-3,
,,,217.58000553E-3,90.000003576E-3,
,,,217.60000288E-3,88.000006974E-3,
,,,217.62000024E-3,92.000007629E-3,
,,,217.63999760E-3,90.000003576E-3,
,,,217.66000986E-3,80.000005662E-3,
,,,217.68000722E-3,84.000006318E-3,
,,,217.70000458E-3,80.000005662E-3,
,,,217.72000194E-3,82.000002265E-3,
,,,217.73999929E-3,82.000002265E-3,
,,,217.75999665E-3,84.000006318E-3,
,,,217.78000891E-3,84.000006318E-3,
,,,217.80000627E-3,80.000005662E-3,
,,,217.82000363E-3,78.000001609E-3,
,,,217.84000099E-3,80.000005662E-3,
,,,217.85999835E-3,80.000005662E-3,
,,,217.87999570E-3,78.000001609E-3,
,,,217.90000796E-3,86.000002921E-3,
,,,217.92000532E-3,80.000005662E-3,
,,,217.94000268E-3,80.000005662E-3,
,,,217.96000004E-3,78.000001609E-3,
,,,217.97999740E-3,74.000000954E-3,
,,,218.00000966E-3,70.000000298E-3,
,,,218.02000701E-3,76.000005007E-3,
,,,218.04000437E-3,80.000005662E-3,
,,,218.06000173E-3,84.000006318E-3,
,,,218.07999909E-3,70.000000298E-3,
,,,218.09999645E-3,78.000001609E-3,
,,,218.12000871E-3,78.000001609E-3,
,,,218.14000607E-3,78.000001609E-3,
,,,218.16000342E-3,76.000005007E-3,
,,,218.18000078E-3,72.000004351E-3,
,,,218.19999814E-3,78.000001609E-3,
,,,218.22001040E-3,84.000006318E-3,
,,,218.24000776E-3,74.000000954E-3,
,,,218.26000512E-3,72.000004351E-3,
,,,218.28000247E-3,76.000005007E-3,
,,,218.29999983E-3,78.000001609E-3,
,,,218.31999719E-3,70.000000298E-3,
,,,218.34000945E-3,70.000000298E-3,
,,,218.36000681E-3,72.000004351E-3,
,,,218.38000417E-3,70.000000298E-3,
,,,218.40000153E-3,80.000005662E-3,
,,,218.41999888E-3,65.999999642E-3,
,,,218.43999624E-3,74.000000954E-3,
,,,218.46000850E-3,68.000003695E-3,
,,,218.48000586E-3,68.000003695E-3,
,,,218.50000322E-3,78.000001609E-3,
,,,218.52000058E-3,80.000005662E-3,
,,,218.53999794E-3,80.000005662E-3,
,,,218.56001019E-3,80.000005662E-3,
,,,218.58000755E-3,76.000005007E-3,
,,,218.60000491E-3,72.000004351E-3,
,,,218.62000227E-3,72.000004351E-3,
,,,218.63999963E-3,68.000003695E-3,
,,,218.65999699E-3,70.000000298E-3,
,,,218.68000925E-3,76.000005007E-3,
,,,218.70000660E-3,64.000003040E-3,
,,,218.72000396E-3,68.000003695E-3,
,,,218.74000132E-3,74.000000954E-3,
,,,218.75999868E-3,74.000000954E-3,
,,,218.77999604E-3,80.000005662E-3,
,,,218.80000830E-3,76.000005007E-3,
,,,218.82000566E-3,76.000005007E-3,
,,,218.84000301E-3,70.000000298E-3,
,,,218.86000037E-3,76.000005007E-3,
,,,218.87999773E-3,80.000005662E-3,
,,,218.90000999E-3,70.000000298E-3,
,,,218.92000735E-3,65.999999642E-3,
,,,218.94000471E-3,70.000000298E-3,
,,,218.96000206E-3,72.000004351E-3,
,,,218.97999942E-3,64.000003040E-3,
,,,218.99999678E-3,78.000001609E-3,
,,,219.02000904E-3,78.000001609E-3,
,,,219.04000640E-3,78.000001609E-3,
,,,219.06000376E-3,72.000004351E-3,
,,,219.08000112E-3,65.999999642E-3,
,,,219.09999847E-3,78.000001609E-3,
,,,219.11999583E-3,68.000003695E-3,
,,,219.14000809E-3,76.000005007E-3,
,,,219.16000545E-3,68.000003695E-3,
,,,219.18000281E-3,72.000004351E-3,
,,,219.20000017E-3,68.000003695E-3,
,,,219.21999753E-3,68.000003695E-3,
,,,219.24000978E-3,58.000002056E-3,
,,,219.26000714E-3,68.000003695E-3,
,,,219.28000450E-3,68.000003695E-3,
,,,219.30000186E-3,60.000002384E-3,
,,,219.31999922E-3,68.000003695E-3,
,,,219.33999658E-3,74.000000954E-3,
,,,219.36000884E-3,74.000000954E-3,
,,,219.38000619E-3,74.000000954E-3,
,,,219.40000355E-3,74.000000954E-3,
,,,219.42000091E-3,62.000002712E-3,
,,,219.43999827E-3,62.000002712E-3,
,,,219.45999563E-3,68.000003695E-3,
,,,219.48000789E-3,64.000003040E-3,
,,,219.50000525E-3,64.000003040E-3,
,,,219.52000260E-3,76.000005007E-3,
,,,219.53999996E-3,62.000002712E-3,
,,,219.55999732E-3,58.000002056E-3,
,,,219.58000958E-3,60.000002384E-3,
,,,219.60000694E-3,65.999999642E-3,
,,,219.62000430E-3,62.000002712E-3,
,,,219.64000165E-3,62.000002712E-3,
,,,219.65999901E-3,70.000000298E-3,
,,,219.67999637E-3,60.000002384E-3,
,,,219.70000863E-3,62.000002712E-3,
,,,219.72000599E-3,68.000003695E-3,
,,,219.74000335E-3,60.000002384E-3,
,,,219.76000071E-3,62.000002712E-3,
,,,219.77999806E-3,65.999999642E-3,
,,,219.80001032E-3,60.000002384E-3,
,,,219.82000768E-3,58.000002056E-3,
,,,219.84000504E-3,54.00000140E-3,
,,,219.86000240E-3,62.000002712E-3,
,,,219.87999976E-3,72.000004351E-3,
,,,219.89999712E-3,52.00000107E-3,
,,,219.92000937E-3,60.000002384E-3,
,,,219.94000673E-3,60.000002384E-3,
,,,219.96000409E-3,54.00000140E-3,
,,,219.98000145E-3,56.000001729E-3,
,,,219.99999881E-3,58.000002056E-3,
,,,220.01999617E-3,54.00000140E-3,
,,,220.04000843E-3,52.00000107E-3,
,,,220.06000578E-3,60.000002384E-3,
,,,220.08000314E-3,50.00000075E-3,
,,,220.10000050E-3,56.000001729E-3,
,,,220.11999786E-3,58.000002056E-3,
,,,220.14001012E-3,54.00000140E-3,
,,,220.16000748E-3,56.000001729E-3,
,,,220.18000484E-3,54.00000140E-3,
,,,220.20000219E-3,60.000002384E-3,
,,,220.21999955E-3,54.00000140E-3,
,,,220.23999691E-3,52.00000107E-3,
,,,220.26000917E-3,58.000002056E-3,
,,,220.28000653E-3,56.000001729E-3,
,,,220.30000389E-3,64.000003040E-3,
,,,220.32000124E-3,54.00000140E-3,
,,,220.33999860E-3,50.00000075E-3,
,,,220.35999596E-3,50.00000075E-3,
,,,220.38000822E-3,56.000001729E-3,
,,,220.40000558E-3,50.00000075E-3,
,,,220.42000294E-3,54.00000140E-3,
,,,220.44000030E-3,50.00000075E-3,
,,,220.45999765E-3,56.000001729E-3,
,,,220.48000991E-3,50.00000075E-3,
,,,220.50000727E-3,44.00000349E-3,
,,,220.52000463E-3,60.000002384E-3,
,,,220.54000199E-3,50.00000075E-3,
,,,220.55999935E-3,50.00000075E-3,
,,,220.57999671E-3,60.000002384E-3,
,,,220.60000896E-3,50.00000075E-3,
,,,220.62000632E-3,54.00000140E-3,
,,,220.64000368E-3,52.00000107E-3,
,,,220.66000104E-3,46.00000381E-3,
,,,220.67999840E-3,54.00000140E-3,
,,,220.69999576E-3,50.00000075E-3,
,,,220.72000802E-3,58.000002056E-3,
,,,220.74000537E-3,54.00000140E-3,
,,,220.76000273E-3,50.00000075E-3,
,,,220.78000009E-3,54.00000140E-3,
,,,220.79999745E-3,46.00000381E-3,
,,,220.82000971E-3,58.000002056E-3,
,,,220.84000707E-3,44.00000349E-3,
,,,220.86000443E-3,56.000001729E-3,
,,,220.88000178E-3,50.00000075E-3,
,,,220.89999914E-3,48.00000042E-3,
,,,220.91999650E-3,54.00000140E-3,
,,,220.94000876E-3,56.000001729E-3,
,,,220.96000612E-3,52.00000107E-3,
,,,220.98000348E-3,52.00000107E-3,
,,,221.00000083E-3,54.00000140E-3,
,,,221.01999819E-3,62.000002712E-3,
,,,221.03999555E-3,48.00000042E-3,
,,,221.06000781E-3,56.000001729E-3,
,,,221.08000517E-3,52.00000107E-3,
,,,221.10000253E-3,46.00000381E-3,
,,,221.11999989E-3,54.00000140E-3,
,,,221.13999724E-3,52.00000107E-3,
,,,221.16000950E-3,54.00000140E-3,
,,,221.18000686E-3,58.000002056E-3,
,,,221.20000422E-3,52.00000107E-3,
,,,221.22000158E-3,52.00000107E-3,
,,,221.23999894E-3,52.00000107E-3,
,,,221.25999629E-3,56.000001729E-3,
,,,221.28000855E-3,52.00000107E-3,
,,,221.30000591E-3,58.000002056E-3,
,,,221.32000327E-3,48.00000042E-3,
,,,221.34000063E-3,54.00000140E-3,
,,,221.35999799E-3,50.00000075E-3,
,,,221.38001025E-3,54.00000140E-3,
,,,221.40000761E-3,64.000003040E-3,
,,,221.42000496E-3,65.999999642E-3,
,,,221.44000232E-3,60.000002384E-3,
,,,221.45999968E-3,56.000001729E-3,
,,,221.47999704E-3,58.000002056E-3,
,,,221.50000930E-3,64.000003040E-3,
,,,221.52000666E-3,60.000002384E-3,
,,,221.54000401E-3,60.000002384E-3,
,,,221.56000137E-3,54.00000140E-3,
,,,221.57999873E-3,65.999999642E-3,
,,,221.59999609E-3,58.000002056E-3,
,,,221.62000835E-3,68.000003695E-3,
,,,221.64000571E-3,62.000002712E-3,
,,,221.66000307E-3,64.000003040E-3,
,,,221.68000042E-3,65.999999642E-3,
,,,221.69999778E-3,62.000002712E-3,
,,,221.72001004E-3,72.000004351E-3,
,,,221.74000740E-3,64.000003040E-3,
,,,221.76000476E-3,68.000003695E-3,
,,,221.78000212E-3,72.000004351E-3,
,,,221.79999948E-3,68.000003695E-3,
,,,221.81999683E-3,64.000003040E-3,
,,,221.84000909E-3,74.000000954E-3,
,,,221.86000645E-3,70.000000298E-3,
,,,221.88000381E-3,70.000000298E-3,
,,,221.90000117E-3,68.000003695E-3,
,,,221.91999853E-3,65.999999642E-3,
,,,221.93999588E-3,74.000000954E-3,
,,,221.96000814E-3,74.000000954E-3,
,,,221.98000550E-3,80.000005662E-3,
,,,222.00000286E-3,82.000002265E-3,
,,,222.02000022E-3,78.000001609E-3,
,,,222.03999758E-3,80.000005662E-3,
,,,222.06000984E-3,80.000005662E-3,
,,,222.08000720E-3,80.000005662E-3,
,,,222.10000455E-3,76.000005007E-3,
,,,222.12000191E-3,82.000002265E-3,
,,,222.13999927E-3,80.000005662E-3,
,,,222.15999663E-3,82.000002265E-3,
,,,222.18000889E-3,84.000006318E-3,
,,,222.20000625E-3,84.000006318E-3,
,,,222.22000360E-3,94.000004232E-3,
,,,222.24000096E-3,84.000006318E-3,
,,,222.25999832E-3,84.000006318E-3,
,,,222.27999568E-3,84.000006318E-3,
,,,222.30000794E-3,86.000002921E-3,
,,,222.32000530E-3,90.000003576E-3,
,,,222.34000266E-3,96.000000834E-3,
,,,222.36000001E-3,86.000002921E-3,
,,,222.37999737E-3,90.000003576E-3,
,,,222.40000963E-3,84.000006318E-3,
,,,222.42000699E-3,90.000003576E-3,
,,,222.44000435E-3,82.000002265E-3,
,,,222.46000171E-3,88.000006974E-3,
,,,222.47999907E-3,92.000007629E-3,
,,,222.49999642E-3,94.000004232E-3,
,,,222.52000868E-3,92.000007629E-3,
,,,222.54000604E-3,88.000006974E-3,
,,,222.56000340E-3,94.000004232E-3,
,,,222.58000076E-3,90.000003576E-3,
,,,222.59999812E-3,90.000003576E-3,
,,,222.62001038E-3,96.000000834E-3,
,,,222.64000773E-3,90.000003576E-3,
,,,222.66000509E-3,94.000004232E-3,
,,,222.68000245E-3,98.000004888E-3,
,,,222.69999981E-3,98.000004888E-3,
,,,222.71999717E-3,94.000004232E-3,
,,,222.74000943E-3,104.0000021E-3,
,,,222.76000679E-3,102.0000055E-3,
,,,222.78000414E-3,96.000000834E-3,
,,,222.80000150E-3,100.0000015E-3,
,,,222.81999886E-3,98.000004888E-3,
,,,222.83999622E-3,90.000003576E-3,
,,,222.86000848E-3,92.000007629E-3,
,,,222.88000584E-3,98.000004888E-3,
,,,222.90000319E-3,98.000004888E-3,
,,,222.92000055E-3,96.000000834E-3,
,,,222.93999791E-3,104.0000021E-3,
,,,222.96001017E-3,98.000004888E-3,
,,,222.98000753E-3,88.000006974E-3,
,,,223.00000489E-3,92.000007629E-3,
,,,223.02000225E-3,94.000004232E-3,
,,,223.03999960E-3,94.000004232E-3,
,,,223.05999696E-3,98.000004888E-3,
,,,223.08000922E-3,96.000000834E-3,
,,,223.10000658E-3,98.000004888E-3,
,,,223.12000394E-3,100.0000015E-3,
,,,223.14000130E-3,94.000004232E-3,
,,,223.15999866E-3,102.0000055E-3,
,,,223.17999601E-3,98.000004888E-3,
,,,223.20000827E-3,92.000007629E-3,
,,,223.22000563E-3,104.0000021E-3,
,,,223.24000299E-3,98.000004888E-3,
,,,223.26000035E-3,100.0000015E-3,
,,,223.27999771E-3,94.000004232E-3,
,,,223.30000997E-3,104.0000021E-3,
,,,223.32000732E-3,104.0000021E-3,
,,,223.34000468E-3,100.0000015E-3,
,,,223.36000204E-3,98.000004888E-3,
,,,223.37999940E-3,100.0000015E-3,
,,,223.39999676E-3,104.0000021E-3,
,,,223.42000902E-3,102.0000055E-3,
,,,223.44000638E-3,94.000004232E-3,
,,,223.46000373E-3,100.0000015E-3,
,,,223.48000109E-3,102.0000055E-3,
,,,223.49999845E-3,100.0000015E-3,
,,,223.51999581E-3,106.0000062E-3,
,,,223.54000807E-3,98.000004888E-3,
,,,223.56000543E-3,104.0000021E-3,
,,,223.58000278E-3,104.0000021E-3,
,,,223.60000014E-3,100.0000015E-3,
,,,223.61999750E-3,102.0000055E-3,
,,,223.64000976E-3,100.0000015E-3,
,,,223.66000712E-3,108.0000028E-3,
,,,223.68000448E-3,104.0000021E-3,
,,,223.70000184E-3,110.0000069E-3,
,,,223.71999919E-3,104.0000021E-3,
,,,223.73999655E-3,110.0000069E-3,
,,,223.76000881E-3,104.0000021E-3,
,,,223.78000617E-3,104.0000021E-3,
,,,223.80000353E-3,106.0000062E-3,
,,,223.82000089E-3,108.0000028E-3,
,,,223.83999825E-3,104.0000021E-3,
,,,223.85999560E-3,108.0000028E-3,
,,,223.88000786E-3,108.0000028E-3,
,,,223.90000522E-3,116.0000041E-3,
,,,223.92000258E-3,104.0000021E-3,
,,,223.93999994E-3,104.0000021E-3,
,,,223.95999730E-3,114.0000075E-3,
,,,223.98000956E-3,108.0000028E-3,
,,,224.00000691E-3,114.0000075E-3,
,,,224.02000427E-3,116.0000041E-3,
,,,224.04000163E-3,112.0000035E-3,
,,,224.05999899E-3,114.0000075E-3,
,,,224.07999635E-3,114.0000075E-3,
,,,224.10000861E-3,102.0000055E-3,
,,,224.12000597E-3,106.0000062E-3,
,,,224.14000332E-3,118.0000082E-3,
,,,224.16000068E-3,116.0000041E-3,
,,,224.17999804E-3,114.0000075E-3,
,,,224.20001030E-3,116.0000041E-3,
,,,224.22000766E-3,116.0000041E-3,
,,,224.24000502E-3,116.0000041E-3,
,,,224.26000237E-3,116.0000041E-3,
,,,224.27999973E-3,118.0000082E-3,
,,,224.29999709E-3,110.0000069E-3,
,,,224.32000935E-3,112.0000035E-3,
,,,224.34000671E-3,122.0000088E-3,
,,,224.36000407E-3,118.0000082E-3,
,,,224.38000143E-3,120.0000048E-3,
,,,224.39999878E-3,118.0000082E-3,
,,,224.41999614E-3,116.0000041E-3,
,,,224.44000840E-3,118.0000082E-3,
,,,224.46000576E-3,122.0000088E-3,
,,,224.48000312E-3,126.0000020E-3,
,,,224.50000048E-3,116.0000041E-3,
,,,224.51999784E-3,124.0000054E-3,
,,,224.54001009E-3,126.0000020E-3,
,,,224.56000745E-3,122.0000088E-3,
,,,224.58000481E-3,118.0000082E-3,
,,,224.60000217E-3,118.0000082E-3,
,,,224.61999953E-3,114.0000075E-3,
,,,224.63999689E-3,118.0000082E-3,
,,,224.66000915E-3,110.0000069E-3,
,,,224.68000650E-3,108.0000028E-3,
,,,224.70000386E-3,114.0000075E-3,
,,,224.72000122E-3,118.0000082E-3,
,,,224.73999858E-3,118.0000082E-3,
,,,224.75999594E-3,118.0000082E-3,
,,,224.78000820E-3,118.0000082E-3,
,,,224.80000556E-3,116.0000041E-3,
,,,224.82000291E-3,122.0000088E-3,
,,,224.84000027E-3,118.0000082E-3,
,,,224.85999763E-3,116.0000041E-3,
,,,224.88000989E-3,110.0000069E-3,
,,,224.90000725E-3,124.0000054E-3,
,,,224.92000461E-3,108.0000028E-3,
,,,224.94000196E-3,118.0000082E-3,
,,,224.95999932E-3,104.0000021E-3,
,,,224.97999668E-3,110.0000069E-3,
,,,225.00000894E-3,112.0000035E-3,
,,,225.02000630E-3,110.0000069E-3,
,,,225.04000366E-3,108.0000028E-3,
,,,225.06000102E-3,102.0000055E-3,
,,,225.07999837E-3,108.0000028E-3,
,,,225.09999573E-3,114.0000075E-3,
,,,225.12000799E-3,108.0000028E-3,
,,,225.14000535E-3,112.0000035E-3,
,,,225.16000271E-3,100.0000015E-3,
,,,225.18000007E-3,100.0000015E-3,
,,,225.19999743E-3,102.0000055E-3,
,,,225.22000968E-3,104.0000021E-3,
,,,225.24000704E-3,110.0000069E-3,
,,,225.26000440E-3,110.0000069E-3,
,,,225.28000176E-3,108.0000028E-3,
,,,225.29999912E-3,108.0000028E-3,
,,,225.31999648E-3,102.0000055E-3,
,,,225.34000874E-3,104.0000021E-3,
,,,225.36000609E-3,102.0000055E-3,
,,,225.38000345E-3,96.000000834E-3,
,,,225.40000081E-3,96.000000834E-3,
,,,225.41999817E-3,110.0000069E-3,
,,,225.43999553E-3,98.000004888E-3,
,,,225.46000779E-3,100.0000015E-3,
,,,225.48000515E-3,100.0000015E-3,
,,,225.50000250E-3,96.000000834E-3,
,,,225.51999986E-3,96.000000834E-3,
,,,225.53999722E-3,100.0000015E-3,
,,,225.56000948E-3,100.0000015E-3,
,,,225.58000684E-3,108.0000028E-3,
,,,225.60000420E-3,98.000004888E-3,
,,,225.62000155E-3,110.0000069E-3,
,,,225.63999891E-3,98.000004888E-3,
,,,225.65999627E-3,92.000007629E-3,
,,,225.68000853E-3,96.000000834E-3,
,,,225.70000589E-3,104.0000021E-3,
,,,225.72000325E-3,96.000000834E-3,
,,,225.74000061E-3,92.000007629E-3,
,,,225.75999796E-3,102.0000055E-3,
,,,225.78001022E-3,98.000004888E-3,
,,,225.80000758E-3,84.000006318E-3,
,,,225.82000494E-3,100.0000015E-3,
,,,225.84000230E-3,94.000004232E-3,
,,,225.85999966E-3,100.0000015E-3,
,,,225.87999701E-3,96.000000834E-3,
,,,225.90000927E-3,98.000004888E-3,
,,,225.92000663E-3,108.0000028E-3,
,,,225.94000399E-3,96.000000834E-3,
,,,225.96000135E-3,90.000003576E-3,
,,,225.97999871E-3,94.000004232E-3,
,,,225.99999607E-3,92.000007629E-3,
,,,226.02000833E-3,96.000000834E-3,
,,,226.04000568E-3,96.000000834E-3,
,,,226.06000304E-3,102.0000055E-3,
,,,226.08000040E-3,94.000004232E-3,
,,,226.09999776E-3,96.000000834E-3,
,,,226.12001002E-3,94.000004232E-3,
,,,226.14000738E-3,96.000000834E-3,
,,,226.16000473E-3,88.000006974E-3,
,,,226.18000209E-3,96.000000834E-3,
,,,226.19999945E-3,92.000007629E-3,
,,,226.21999681E-3,94.000004232E-3,
,,,226.24000907E-3,98.000004888E-3,
,,,226.26000643E-3,96.000000834E-3,
,,,226.28000379E-3,98.000004888E-3,
,,,226.30000114E-3,92.000007629E-3,
,,,226.31999850E-3,102.0000055E-3,
,,,226.33999586E-3,98.000004888E-3,
,,,226.36000812E-3,94.000004232E-3,
,,,226.38000548E-3,96.000000834E-3,
,,,226.40000284E-3,94.000004232E-3,
,,,226.42000020E-3,98.000004888E-3,
,,,226.43999755E-3,94.000004232E-3,
,,,226.46000981E-3,100.0000015E-3,
,,,226.48000717E-3,96.000000834E-3,
,,,226.50000453E-3,92.000007629E-3,
,,,226.52000189E-3,98.000004888E-3,
,,,226.53999925E-3,90.000003576E-3,
,,,226.55999660E-3,94.000004232E-3,
,,,226.58000886E-3,90.000003576E-3,
,,,226.60000622E-3,94.000004232E-3,
,,,226.62000358E-3,88.000006974E-3,
,,,226.64000094E-3,84.000006318E-3,
,,,226.65999830E-3,90.000003576E-3,
,,,226.67999566E-3,88.000006974E-3,
,,,226.70000792E-3,90.000003576E-3,
,,,226.72000527E-3,88.000006974E-3,
,,,226.74000263E-3,96.000000834E-3,
,,,226.75999999E-3,92.000007629E-3,
,,,226.77999735E-3,84.000006318E-3,
,,,226.80000961E-3,84.000006318E-3,
,,,226.82000697E-3,92.000007629E-3,
,,,226.84000432E-3,88.000006974E-3,
,,,226.86000168E-3,84.000006318E-3,
,,,226.87999904E-3,94.000004232E-3,
,,,226.89999640E-3,82.000002265E-3,
,,,226.92000866E-3,80.000005662E-3,
,,,226.94000602E-3,76.000005007E-3,
,,,226.96000338E-3,78.000001609E-3,
,,,226.98000073E-3,86.000002921E-3,
,,,226.99999809E-3,82.000002265E-3,
,,,227.01999545E-3,82.000002265E-3,
,,,227.04000771E-3,74.000000954E-3,
,,,227.06000507E-3,78.000001609E-3,
,,,227.08000243E-3,80.000005662E-3,
,,,227.09999979E-3,78.000001609E-3,
,,,227.11999714E-3,82.000002265E-3,
,,,227.14000940E-3,78.000001609E-3,
,,,227.16000676E-3,74.000000954E-3,
,,,227.18000412E-3,74.000000954E-3,
,,,227.20000148E-3,84.000006318E-3,
,,,227.21999884E-3,78.000001609E-3,
,,,227.23999619E-3,76.000005007E-3,
,,,227.26000845E-3,68.000003695E-3,
,,,227.28000581E-3,68.000003695E-3,
,,,227.30000317E-3,70.000000298E-3,
,,,227.32000053E-3,72.000004351E-3,
,,,227.33999789E-3,64.000003040E-3,
,,,227.36001015E-3,72.000004351E-3,
,,,227.38000751E-3,72.000004351E-3,
,,,227.40000486E-3,70.000000298E-3,
,,,227.42000222E-3,74.000000954E-3,
,,,227.43999958E-3,74.000000954E-3,
,,,227.45999694E-3,64.000003040E-3,
,,,227.48000920E-3,74.000000954E-3,
,,,227.50000656E-3,68.000003695E-3,
,,,227.52000391E-3,65.999999642E-3,
,,,227.54000127E-3,70.000000298E-3,
,,,227.55999863E-3,65.999999642E-3,
,,,227.57999599E-3,72.000004351E-3,
,,,227.60000825E-3,64.000003040E-3,
,,,227.62000561E-3,64.000003040E-3,
,,,227.64000297E-3,68.000003695E-3,
,,,227.66000032E-3,70.000000298E-3,
,,,227.67999768E-3,70.000000298E-3,
,,,227.70000994E-3,70.000000298E-3,
,,,227.72000730E-3,62.000002712E-3,
,,,227.74000466E-3,68.000003695E-3,
,,,227.76000202E-3,58.000002056E-3,
,,,227.77999938E-3,64.000003040E-3,
,,,227.79999673E-3,64.000003040E-3,
,,,227.82000899E-3,65.999999642E-3,
,,,227.84000635E-3,64.000003040E-3,
,,,227.86000371E-3,60.000002384E-3,
,,,227.88000107E-3,58.000002056E-3,
,,,227.89999843E-3,64.000003040E-3,
,,,227.91999578E-3,68.000003695E-3,
,,,227.94000804E-3,62.000002712E-3,
,,,227.96000540E-3,68.000003695E-3,
,,,227.98000276E-3,64.000003040E-3,
,,,228.00000012E-3,60.000002384E-3,
,,,228.01999748E-3,64.000003040E-3,
,,,228.04000974E-3,62.000002712E-3,
,,,228.06000710E-3,65.999999642E-3,
,,,228.08000445E-3,72.000004351E-3,
,,,228.10000181E-3,64.000003040E-3,
,,,228.11999917E-3,70.000000298E-3,
,,,228.13999653E-3,64.000003040E-3,
,,,228.16000879E-3,56.000001729E-3,
,,,228.18000615E-3,58.000002056E-3,
,,,228.20000350E-3,60.000002384E-3,
,,,228.22000086E-3,65.999999642E-3,
,,,228.23999822E-3,62.000002712E-3,
,,,228.25999558E-3,58.000002056E-3,
,,,228.28000784E-3,64.000003040E-3,
,,,228.30000520E-3,58.000002056E-3,
,,,228.32000256E-3,56.000001729E-3,
,,,228.33999991E-3,64.000003040E-3,
,,,228.35999727E-3,62.000002712E-3,
,,,228.38000953E-3,58.000002056E-3,
,,,228.40000689E-3,64.000003040E-3,
,,,228.42000425E-3,68.000003695E-3,
,,,228.44000161E-3,68.000003695E-3,
,,,228.45999897E-3,54.00000140E-3,
,,,228.47999632E-3,58.000002056E-3,
,,,228.50000858E-3,58.000002056E-3,
,,,228.52000594E-3,58.000002056E-3,
,,,228.54000330E-3,60.000002384E-3,
,,,228.56000066E-3,52.00000107E-3,
,,,228.57999802E-3,56.000001729E-3,
,,,228.59999537E-3,52.00000107E-3,
,,,228.62000763E-3,52.00000107E-3,
,,,228.64000499E-3,52.00000107E-3,
,,,228.66000235E-3,62.000002712E-3,
,,,228.67999971E-3,62.000002712E-3,
,,,228.69999707E-3,50.00000075E-3,
,,,228.72000933E-3,52.00000107E-3,
,,,228.74000669E-3,56.000001729E-3,
,,,228.76000404E-3,50.00000075E-3,
,,,228.78000140E-3,56.000001729E-3,
,,,228.79999876E-3,50.00000075E-3,
,,,228.81999612E-3,42.00000316E-3,
,,,228.84000838E-3,42.00000316E-3,
,,,228.86000574E-3,48.00000042E-3,
,,,228.88000309E-3,56.000001729E-3,
,,,228.90000045E-3,52.00000107E-3,
,,,228.91999781E-3,48.00000042E-3,
,,,228.94001007E-3,58.000002056E-3,
,,,228.96000743E-3,46.00000381E-3,
,,,228.98000479E-3,60.000002384E-3,
,,,229.00000215E-3,56.000001729E-3,
,,,229.01999950E-3,44.00000349E-3,
,,,229.03999686E-3,46.00000381E-3,
,,,229.06000912E-3,48.00000042E-3,
,,,229.08000648E-3,48.00000042E-3,
,,,229.10000384E-3,54.00000140E-3,
,,,229.12000120E-3,50.00000075E-3,
,,,229.13999856E-3,50.00000075E-3,
,,,229.15999591E-3,46.00000381E-3,
,,,229.18000817E-3,58.000002056E-3,
,,,229.20000553E-3,50.00000075E-3,
,,,229.22000289E-3,56.000001729E-3,
,,,229.24000025E-3,50.00000075E-3,
,,,229.25999761E-3,56.000001729E-3,
,,,229.28000987E-3,48.00000042E-3,
,,,229.30000722E-3,44.00000349E-3,
,,,229.32000458E-3,46.00000381E-3,
,,,229.34000194E-3,52.00000107E-3,
,,,229.35999930E-3,46.00000381E-3,
,,,229.37999666E-3,52.00000107E-3,
,,,229.40000892E-3,42.00000316E-3,
,,,229.42000628E-3,50.00000075E-3,
,,,229.44000363E-3,48.00000042E-3,
,,,229.46000099E-3,48.00000042E-3,
,,,229.47999835E-3,48.00000042E-3,
,,,229.49999571E-3,50.00000075E-3,
,,,229.52000797E-3,44.00000349E-3,
,,,229.54000533E-3,38.00000250E-3,
,,,229.56000268E-3,40.00000283E-3,
,,,229.58000004E-3,44.00000349E-3,
,,,229.59999740E-3,46.00000381E-3,
,,,229.62000966E-3,50.00000075E-3,
,,,229.64000702E-3,50.00000075E-3,
,,,229.66000438E-3,38.00000250E-3,
,,,229.68000174E-3,46.00000381E-3,
,,,229.69999909E-3,44.00000349E-3,
,,,229.71999645E-3,44.00000349E-3,
,,,229.74000871E-3,48.00000042E-3,
,,,229.76000607E-3,52.00000107E-3,
,,,229.78000343E-3,58.000002056E-3,
,,,229.80000079E-3,44.00000349E-3,
,,,229.81999815E-3,44.00000349E-3,
,,,229.83999550E-3,42.00000316E-3,
,,,229.86000776E-3,44.00000349E-3,
,,,229.88000512E-3,44.00000349E-3,
,,,229.90000248E-3,38.00000250E-3,
,,,229.91999984E-3,44.00000349E-3,
,,,229.93999720E-3,44.00000349E-3,
,,,229.96000946E-3,42.00000316E-3,
,,,229.98000681E-3,44.00000349E-3,
,,,230.00000417E-3,44.00000349E-3,
,,,230.02000153E-3,42.00000316E-3,
,,,230.03999889E-3,46.00000381E-3,
,,,230.05999625E-3,46.00000381E-3,
,,,230.08000851E-3,48.00000042E-3,
,,,230.10000587E-3,48.00000042E-3,
,,,230.12000322E-3,46.00000381E-3,
,,,230.14000058E-3,52.00000107E-3,
,,,230.15999794E-3,38.00000250E-3,
,,,230.18001020E-3,40.00000283E-3,
,,,230.20000756E-3,44.00000349E-3,
,,,230.22000492E-3,44.00000349E-3,
,,,230.24000227E-3,46.00000381E-3,
,,,230.25999963E-3,46.00000381E-3,
,,,230.27999699E-3,54.00000140E-3,
,,,230.30000925E-3,44.00000349E-3,
,,,230.32000661E-3,48.00000042E-3,
,,,230.34000397E-3,38.00000250E-3,
,,,230.36000133E-3,50.00000075E-3,
,,,230.37999868E-3,46.00000381E-3,
,,,230.39999604E-3,48.00000042E-3,
,,,230.42000830E-3,44.00000349E-3,
,,,230.44000566E-3,44.00000349E-3,
,,,230.46000302E-3,48.00000042E-3,
,,,230.48000038E-3,44.00000349E-3,
,,,230.49999774E-3,50.00000075E-3,
,,,230.52000999E-3,38.00000250E-3,
,,,230.54000735E-3,44.00000349E-3,
,,,230.56000471E-3,48.00000042E-3,
,,,230.58000207E-3,42.00000316E-3,
,,,230.59999943E-3,38.00000250E-3,
,,,230.61999679E-3,50.00000075E-3,
,,,230.64000905E-3,48.00000042E-3,
,,,230.66000640E-3,50.00000075E-3,
,,,230.68000376E-3,48.00000042E-3,
,,,230.70000112E-3,38.00000250E-3,
,,,230.71999848E-3,50.00000075E-3,
,,,230.73999584E-3,44.00000349E-3,
,,,230.76000810E-3,38.00000250E-3,
,,,230.78000546E-3,50.00000075E-3,
,,,230.80000281E-3,46.00000381E-3,
,,,230.82000017E-3,48.00000042E-3,
,,,230.83999753E-3,50.00000075E-3,
,,,230.86000979E-3,44.00000349E-3,
,,,230.88000715E-3,44.00000349E-3,
,,,230.90000451E-3,46.00000381E-3,
,,,230.92000186E-3,46.00000381E-3,
,,,230.93999922E-3,52.00000107E-3,
,,,230.95999658E-3,54.00000140E-3,
,,,230.98000884E-3,50.00000075E-3,
,,,231.00000620E-3,50.00000075E-3,
,,,231.02000356E-3,46.00000381E-3,
,,,231.04000092E-3,52.00000107E-3,
,,,231.05999827E-3,54.00000140E-3,
,,,231.07999563E-3,50.00000075E-3,
,,,231.10000789E-3,48.00000042E-3,
,,,231.12000525E-3,44.00000349E-3,
,,,231.14000261E-3,48.00000042E-3,
,,,231.15999997E-3,46.00000381E-3,
,,,231.17999732E-3,44.00000349E-3,
,,,231.20000958E-3,48.00000042E-3,
,,,231.22000694E-3,50.00000075E-3,
,,,231.24000430E-3,50.00000075E-3,
,,,231.26000166E-3,52.00000107E-3,
,,,231.27999902E-3,58.000002056E-3,
,,,231.29999638E-3,50.00000075E-3,
,,,231.32000864E-3,50.00000075E-3,
,,,231.34000599E-3,50.00000075E-3,
,,,231.36000335E-3,56.000001729E-3,
,,,231.38000071E-3,52.00000107E-3,
,,,231.39999807E-3,48.00000042E-3,
,,,231.41999543E-3,52.00000107E-3,
,,,231.44000769E-3,58.000002056E-3,
,,,231.46000504E-3,50.00000075E-3,
,,,231.48000240E-3,56.000001729E-3,
,,,231.49999976E-3,50.00000075E-3,
,,,231.51999712E-3,58.000002056E-3,
,,,231.54000938E-3,52.00000107E-3,
,,,231.56000674E-3,50.00000075E-3,
,,,231.58000410E-3,54.00000140E-3,
,,,231.60000145E-3,58.000002056E-3,
,,,231.61999881E-3,58.000002056E-3,
,,,231.63999617E-3,56.000001729E-3,
,,,231.66000843E-3,56.000001729E-3,
,,,231.68000579E-3,48.00000042E-3,
,,,231.70000315E-3,58.000002056E-3,
,,,231.72000051E-3,60.000002384E-3,
,,,231.73999786E-3,54.00000140E-3,
,,,231.76001012E-3,60.000002384E-3,
,,,231.78000748E-3,48.00000042E-3,
,,,231.80000484E-3,58.000002056E-3,
,,,231.82000220E-3,56.000001729E-3,
,,,231.83999956E-3,50.00000075E-3,
,,,231.85999691E-3,52.00000107E-3,
,,,231.88000917E-3,62.000002712E-3,
,,,231.90000653E-3,56.000001729E-3,
,,,231.92000389E-3,60.000002384E-3,
,,,231.94000125E-3,58.000002056E-3,
,,,231.95999861E-3,60.000002384E-3,
,,,231.97999597E-3,68.000003695E-3,
,,,232.00000823E-3,68.000003695E-3,
,,,232.02000558E-3,64.000003040E-3,
,,,232.04000294E-3,60.000002384E-3,
,,,232.06000030E-3,60.000002384E-3,
,,,232.07999766E-3,54.00000140E-3,
,,,232.10000992E-3,62.000002712E-3,
,,,232.12000728E-3,65.999999642E-3,
,,,232.14000463E-3,64.000003040E-3,
,,,232.16000199E-3,64.000003040E-3,
,,,232.17999935E-3,70.000000298E-3,
,,,232.19999671E-3,65.999999642E-3,
,,,232.22000897E-3,68.000003695E-3,
,,,232.24000633E-3,65.999999642E-3,
,,,232.26000369E-3,72.000004351E-3,
,,,232.28000104E-3,64.000003040E-3,
,,,232.29999840E-3,65.999999642E-3,
,,,232.31999576E-3,65.999999642E-3,
,,,232.34000802E-3,70.000000298E-3,
,,,232.36000538E-3,74.000000954E-3,
,,,232.38000274E-3,80.000005662E-3,
,,,232.40000010E-3,70.000000298E-3,
,,,232.41999745E-3,68.000003695E-3,
,,,232.44000971E-3,78.000001609E-3,
,,,232.46000707E-3,74.000000954E-3,
,,,232.48000443E-3,76.000005007E-3,
,,,232.50000179E-3,78.000001609E-3,
,,,232.51999915E-3,78.000001609E-3,
,,,232.53999650E-3,78.000001609E-3,
,,,232.56000876E-3,72.000004351E-3,
,,,232.58000612E-3,74.000000954E-3,
,,,232.60000348E-3,82.000002265E-3,
,,,232.62000084E-3,84.000006318E-3,
,,,232.63999820E-3,74.000000954E-3,
,,,232.65999556E-3,70.000000298E-3,
,,,232.68000782E-3,72.000004351E-3,
,,,232.70000517E-3,84.000006318E-3,
,,,232.72000253E-3,78.000001609E-3,
,,,232.73999989E-3,70.000000298E-3,
,,,232.75999725E-3,86.000002921E-3,
,,,232.78000951E-3,74.000000954E-3,
,,,232.80000687E-3,74.000000954E-3,
,,,232.82000422E-3,76.000005007E-3,
,,,232.84000158E-3,78.000001609E-3,
,,,232.85999894E-3,78.000001609E-3,
,,,232.87999630E-3,84.000006318E-3,
,,,232.90000856E-3,90.000003576E-3,
,,,232.92000592E-3,86.000002921E-3,
,,,232.94000328E-3,74.000000954E-3,
,,,232.96000063E-3,88.000006974E-3,
,,,232.97999799E-3,90.000003576E-3,
,,,232.99999535E-3,84.000006318E-3,
,,,233.02000761E-3,84.000006318E-3,
,,,233.04000497E-3,88.000006974E-3,
,,,233.06000233E-3,84.000006318E-3,
,,,233.07999969E-3,86.000002921E-3,
,,,233.09999704E-3,74.000000954E-3,
,,,233.12000930E-3,80.000005662E-3,
,,,233.14000666E-3,78.000001609E-3,
,,,233.16000402E-3,82.000002265E-3,
,,,233.18000138E-3,86.000002921E-3,
,,,233.19999874E-3,86.000002921E-3,
,,,233.21999609E-3,86.000002921E-3,
,,,233.24000835E-3,94.000004232E-3,
,,,233.26000571E-3,88.000006974E-3,
,,,233.28000307E-3,80.000005662E-3,
,,,233.30000043E-3,86.000002921E-3,
,,,233.31999779E-3,84.000006318E-3,
,,,233.34001005E-3,88.000006974E-3,
,,,233.36000741E-3,92.000007629E-3,
,,,233.38000476E-3,84.000006318E-3,
,,,233.40000212E-3,96.000000834E-3,
,,,233.41999948E-3,88.000006974E-3,
,,,233.43999684E-3,92.000007629E-3,
,,,233.46000910E-3,98.000004888E-3,
,,,233.48000646E-3,98.000004888E-3,
,,,233.50000381E-3,94.000004232E-3,
,,,233.52000117E-3,92.000007629E-3,
,,,233.53999853E-3,98.000004888E-3,
,,,233.55999589E-3,106.0000062E-3,
,,,233.58000815E-3,92.000007629E-3,
,,,233.60000551E-3,100.0000015E-3,
,,,233.62000287E-3,96.000000834E-3,
,,,233.64000022E-3,94.000004232E-3,
,,,233.65999758E-3,92.000007629E-3,
,,,233.68000984E-3,102.0000055E-3,
,,,233.70000720E-3,96.000000834E-3,
,,,233.72000456E-3,102.0000055E-3,
,,,233.74000192E-3,98.000004888E-3,
,,,233.75999928E-3,104.0000021E-3,
,,,233.77999663E-3,102.0000055E-3,
,,,233.80000889E-3,110.0000069E-3,
,,,233.82000625E-3,98.000004888E-3,
,,,233.84000361E-3,104.0000021E-3,
,,,233.86000097E-3,104.0000021E-3,
,,,233.87999833E-3,108.0000028E-3,
,,,233.89999568E-3,100.0000015E-3,
,,,233.92000794E-3,112.0000035E-3,
,,,233.94000530E-3,108.0000028E-3,
,,,233.96000266E-3,110.0000069E-3,
,,,233.98000002E-3,108.0000028E-3,
,,,233.99999738E-3,110.0000069E-3,
,,,234.02000964E-3,112.0000035E-3,
,,,234.04000700E-3,112.0000035E-3,
,,,234.06000435E-3,114.0000075E-3,
,,,234.08000171E-3,114.0000075E-3,
,,,234.09999907E-3,114.0000075E-3,
,,,234.11999643E-3,116.0000041E-3,
,,,234.14000869E-3,120.0000048E-3,
,,,234.16000605E-3,118.0000082E-3,
,,,234.18000340E-3,120.0000048E-3,
,,,234.20000076E-3,122.0000088E-3,
,,,234.21999812E-3,122.0000088E-3,
,,,234.23999548E-3,124.0000054E-3,
,,,234.26000774E-3,116.0000041E-3,
,,,234.28000510E-3,130.0000101E-3,
,,,234.30000246E-3,124.0000054E-3,
,,,234.31999981E-3,122.0000088E-3,
,,,234.33999717E-3,122.0000088E-3,
,,,234.36000943E-3,126.0000020E-3,
,,,234.38000679E-3,130.0000101E-3,
,,,234.40000415E-3,134.0000033E-3,
,,,234.42000151E-3,126.0000020E-3,
,,,234.43999887E-3,124.0000054E-3,
,,,234.45999622E-3,134.0000033E-3,
,,,234.48000848E-3,126.0000020E-3,
,,,234.50000584E-3,124.0000054E-3,
,,,234.52000320E-3,124.0000054E-3,
,,,234.54000056E-3,128.0000061E-3,
,,,234.55999792E-3,131.9999993E-3,
,,,234.57999527E-3,130.0000101E-3,
,,,234.60000753E-3,124.0000054E-3,
,,,234.62000489E-3,122.0000088E-3,
,,,234.64000225E-3,131.9999993E-3,
,,,234.65999961E-3,136.0000074E-3,
,,,234.67999697E-3,138.0000114E-3,
,,,234.70000923E-3,130.0000101E-3,
,,,234.72000659E-3,131.9999993E-3,
,,,234.74000394E-3,136.0000074E-3,
,,,234.76000130E-3,131.9999993E-3,
,,,234.77999866E-3,128.0000061E-3,
,,,234.79999602E-3,130.0000101E-3,
,,,234.82000828E-3,134.0000033E-3,
,,,234.84000564E-3,134.0000033E-3,
,,,234.86000299E-3,130.0000101E-3,
,,,234.88000035E-3,134.0000033E-3,
,,,234.89999771E-3,136.0000074E-3,
,,,234.92000997E-3,134.0000033E-3,
,,,234.94000733E-3,136.0000074E-3,
,,,234.96000469E-3,130.0000101E-3,
,,,234.98000205E-3,130.0000101E-3,
,,,234.99999940E-3,138.0000114E-3,
,,,235.01999676E-3,131.9999993E-3,
,,,235.04000902E-3,131.9999993E-3,
,,,235.06000638E-3,131.9999993E-3,
,,,235.08000374E-3,124.0000054E-3,
,,,235.10000110E-3,126.0000020E-3,
,,,235.11999846E-3,131.9999993E-3,
,,,235.13999581E-3,131.9999993E-3,
,,,235.16000807E-3,134.0000033E-3,
,,,235.18000543E-3,130.0000101E-3,
,,,235.20000279E-3,130.0000101E-3,
,,,235.22000015E-3,131.9999993E-3,
,,,235.23999751E-3,131.9999993E-3,
,,,235.26000977E-3,136.0000074E-3,
,,,235.28000712E-3,134.0000033E-3,
,,,235.30000448E-3,136.0000074E-3,
,,,235.32000184E-3,130.0000101E-3,
,,,235.33999920E-3,128.0000061E-3,
,,,235.35999656E-3,130.0000101E-3,
,,,235.38000882E-3,130.0000101E-3,
,,,235.40000618E-3,130.0000101E-3,
,,,235.42000353E-3,124.0000054E-3,
,,,235.44000089E-3,124.0000054E-3,
,,,235.45999825E-3,131.9999993E-3,
,,,235.47999561E-3,126.0000020E-3,
,,,235.50000787E-3,122.0000088E-3,
,,,235.52000523E-3,130.0000101E-3,
,,,235.54000258E-3,122.0000088E-3,
,,,235.55999994E-3,122.0000088E-3,
,,,235.57999730E-3,128.0000061E-3,
,,,235.60000956E-3,130.0000101E-3,
,,,235.62000692E-3,128.0000061E-3,
,,,235.64000428E-3,128.0000061E-3,
,,,235.66000164E-3,136.0000074E-3,
,,,235.67999899E-3,126.0000020E-3,
,,,235.69999635E-3,130.0000101E-3,
,,,235.72000861E-3,136.0000074E-3,
,,,235.74000597E-3,124.0000054E-3,
,,,235.76000333E-3,131.9999993E-3,
,,,235.78000069E-3,131.9999993E-3,
,,,235.79999804E-3,136.0000074E-3,
,,,235.81999540E-3,130.0000101E-3,
,,,235.84000766E-3,134.0000033E-3,
,,,235.86000502E-3,124.0000054E-3,
,,,235.88000238E-3,142.0000046E-3,
,,,235.89999974E-3,134.0000033E-3,
,,,235.91999710E-3,136.0000074E-3,
,,,235.94000936E-3,142.0000046E-3,
,,,235.96000671E-3,136.0000074E-3,
,,,235.98000407E-3,144.0000087E-3,
,,,236.00000143E-3,138.0000114E-3,
,,,236.01999879E-3,138.0000114E-3,
,,,236.03999615E-3,140.0000006E-3,
,,,236.06000841E-3,131.9999993E-3,
,,,236.08000576E-3,144.0000087E-3,
,,,236.10000312E-3,146.0000128E-3,
,,,236.12000048E-3,144.0000087E-3,
,,,236.13999784E-3,140.0000006E-3,
,,,236.15999520E-3,142.0000046E-3,
,,,236.18000746E-3,138.0000114E-3,
,,,236.20000482E-3,146.0000128E-3,
,,,236.22000217E-3,144.0000087E-3,
,,,236.23999953E-3,140.0000006E-3,
,,,236.25999689E-3,138.0000114E-3,
,,,236.28000915E-3,138.0000114E-3,
,,,236.30000651E-3,138.0000114E-3,
,,,236.32000387E-3,144.0000087E-3,
,,,236.34000123E-3,138.0000114E-3,
,,,236.35999858E-3,130.0000101E-3,
,,,236.37999594E-3,140.0000006E-3,
,,,236.40000820E-3,146.0000128E-3,
,,,236.42000556E-3,138.0000114E-3,
,,,236.44000292E-3,142.0000046E-3,
,,,236.46000028E-3,140.0000006E-3,
,,,236.47999763E-3,134.0000033E-3,
,,,236.50000989E-3,136.0000074E-3,
,,,236.52000725E-3,131.9999993E-3,
,,,236.54000461E-3,136.0000074E-3,
,,,236.56000197E-3,140.0000006E-3,
,,,236.57999933E-3,138.0000114E-3,
,,,236.59999669E-3,138.0000114E-3,
,,,236.62000895E-3,138.0000114E-3,
,,,236.64000630E-3,134.0000033E-3,
,,,236.66000366E-3,136.0000074E-3,
,,,236.68000102E-3,138.0000114E-3,
,,,236.69999838E-3,134.0000033E-3,
,,,236.71999574E-3,128.0000061E-3,
,,,236.74000800E-3,136.0000074E-3,
,,,236.76000535E-3,130.0000101E-3,
,,,236.78000271E-3,124.0000054E-3,
,,,236.80000007E-3,122.0000088E-3,
,,,236.81999743E-3,122.0000088E-3,
,,,236.84000969E-3,130.0000101E-3,
,,,236.86000705E-3,130.0000101E-3,
,,,236.88000441E-3,124.0000054E-3,
,,,236.90000176E-3,112.0000035E-3,
,,,236.91999912E-3,116.0000041E-3,
,,,236.93999648E-3,118.0000082E-3,
,,,236.96000874E-3,116.0000041E-3,
,,,236.98000610E-3,128.0000061E-3,
,,,237.00000346E-3,120.0000048E-3,
,,,237.02000082E-3,112.0000035E-3,
,,,237.03999817E-3,116.0000041E-3,
,,,237.05999553E-3,120.0000048E-3,
,,,237.08000779E-3,108.0000028E-3,
,,,237.10000515E-3,102.0000055E-3,
,,,237.12000251E-3,110.0000069E-3,
,,,237.13999987E-3,104.0000021E-3,
,,,237.15999722E-3,102.0000055E-3,
,,,237.18000948E-3,100.0000015E-3,
,,,237.20000684E-3,100.0000015E-3,
,,,237.22000420E-3,104.0000021E-3,
,,,237.24000156E-3,94.000004232E-3,
,,,237.25999892E-3,100.0000015E-3,
,,,237.27999628E-3,98.000004888E-3,
,,,237.30000854E-3,96.000000834E-3,
,,,237.32000589E-3,98.000004888E-3,
,,,237.34000325E-3,98.000004888E-3,
,,,237.36000061E-3,102.0000055E-3,
,,,237.37999797E-3,94.000004232E-3,
,,,237.39999533E-3,98.000004888E-3,
,,,237.42000759E-3,90.000003576E-3,
,,,237.44000494E-3,98.000004888E-3,
,,,237.46000230E-3,96.000000834E-3,
,,,237.47999966E-3,92.000007629E-3,
,,,237.49999702E-3,86.000002921E-3,
,,,237.52000928E-3,96.000000834E-3,
,,,237.54000664E-3,90.000003576E-3,
,,,237.56000400E-3,94.000004232E-3,
,,,237.58000135E-3,90.000003576E-3,
,,,237.59999871E-3,94.000004232E-3,
,,,237.61999607E-3,92.000007629E-3,
,,,237.64000833E-3,90.000003576E-3,
,,,237.66000569E-3,94.000004232E-3,
,,,237.68000305E-3,92.000007629E-3,
,,,237.70000041E-3,80.000005662E-3,
,,,237.71999776E-3,84.000006318E-3,
,,,237.73999512E-3,86.000002921E-3,
,,,237.76000738E-3,94.000004232E-3,
,,,237.78000474E-3,86.000002921E-3,
,,,237.80000210E-3,76.000005007E-3,
,,,237.81999946E-3,90.000003576E-3,
,,,237.83999681E-3,88.000006974E-3,
,,,237.86000907E-3,74.000000954E-3,
,,,237.88000643E-3,86.000002921E-3,
,,,237.90000379E-3,80.000005662E-3,
,,,237.92000115E-3,80.000005662E-3,
,,,237.93999851E-3,78.000001609E-3,
,,,237.95999587E-3,88.000006974E-3,
,,,237.98000813E-3,78.000001609E-3,
,,,238.00000548E-3,82.000002265E-3,
,,,238.02000284E-3,88.000006974E-3,
,,,238.04000020E-3,78.000001609E-3,
,,,238.05999756E-3,78.000001609E-3,
,,,238.08000982E-3,86.000002921E-3,
,,,238.10000718E-3,78.000001609E-3,
,,,238.12000453E-3,82.000002265E-3,
,,,238.14000189E-3,80.000005662E-3,
,,,238.15999925E-3,80.000005662E-3,
,,,238.17999661E-3,74.000000954E-3,
,,,238.20000887E-3,78.000001609E-3,
,,,238.22000623E-3,80.000005662E-3,
,,,238.24000359E-3,78.000001609E-3,
,,,238.26000094E-3,82.000002265E-3,
,,,238.27999830E-3,76.000005007E-3,
,,,238.29999566E-3,78.000001609E-3,
,,,238.32000792E-3,78.000001609E-3,
,,,238.34000528E-3,78.000001609E-3,
,,,238.36000264E-3,76.000005007E-3,
,,,238.38000000E-3,80.000005662E-3,
,,,238.39999735E-3,80.000005662E-3,
,,,238.42000961E-3,80.000005662E-3,
,,,238.44000697E-3,72.000004351E-3,
,,,238.46000433E-3,76.000005007E-3,
,,,238.48000169E-3,68.000003695E-3,
,,,238.49999905E-3,64.000003040E-3,
,,,238.51999640E-3,78.000001609E-3,
,,,238.54000866E-3,68.000003695E-3,
,,,238.56000602E-3,65.999999642E-3,
,,,238.58000338E-3,74.000000954E-3,
,,,238.60000074E-3,70.000000298E-3,
,,,238.61999810E-3,72.000004351E-3,
,,,238.63999546E-3,74.000000954E-3,
,,,238.66000772E-3,72.000004351E-3,
,,,238.68000507E-3,74.000000954E-3,
,,,238.70000243E-3,70.000000298E-3,
,,,238.71999979E-3,78.000001609E-3,
,,,238.73999715E-3,70.000000298E-3,
,,,238.76000941E-3,62.000002712E-3,
,,,238.78000677E-3,65.999999642E-3,
,,,238.80000412E-3,68.000003695E-3,
,,,238.82000148E-3,70.000000298E-3,
,,,238.83999884E-3,65.999999642E-3,
,,,238.85999620E-3,70.000000298E-3,
,,,238.88000846E-3,62.000002712E-3,
,,,238.90000582E-3,68.000003695E-3,
,,,238.92000318E-3,62.000002712E-3,
,,,238.94000053E-3,65.999999642E-3,
,,,238.95999789E-3,70.000000298E-3,
,,,238.97999525E-3,62.000002712E-3,
,,,239.00000751E-3,65.999999642E-3,
,,,239.02000487E-3,64.000003040E-3,
,,,239.04000223E-3,64.000003040E-3,
,,,239.05999959E-3,72.000004351E-3,
,,,239.07999694E-3,60.000002384E-3,
,,,239.10000920E-3,64.000003040E-3,
,,,239.12000656E-3,62.000002712E-3,
,,,239.14000392E-3,60.000002384E-3,
,,,239.16000128E-3,62.000002712E-3,
,,,239.17999864E-3,64.000003040E-3,
,,,239.19999599E-3,60.000002384E-3,
,,,239.22000825E-3,65.999999642E-3,
,,,239.24000561E-3,72.000004351E-3,
,,,239.26000297E-3,64.000003040E-3,
,,,239.28000033E-3,68.000003695E-3,
,,,239.29999769E-3,62.000002712E-3,
,,,239.32000995E-3,64.000003040E-3,
,,,239.34000731E-3,60.000002384E-3,
,,,239.36000466E-3,64.000003040E-3,
,,,239.38000202E-3,64.000003040E-3,
,,,239.39999938E-3,64.000003040E-3,
,,,239.41999674E-3,65.999999642E-3,
,,,239.44000900E-3,64.000003040E-3,
,,,239.46000636E-3,65.999999642E-3,
,,,239.48000371E-3,65.999999642E-3,
,,,239.50000107E-3,56.000001729E-3,
,,,239.51999843E-3,65.999999642E-3,
,,,239.53999579E-3,64.000003040E-3,
,,,239.56000805E-3,68.000003695E-3,
,,,239.58000541E-3,70.000000298E-3,
,,,239.60000277E-3,64.000003040E-3,
,,,239.62000012E-3,62.000002712E-3,
,,,239.63999748E-3,64.000003040E-3,
,,,239.66000974E-3,64.000003040E-3,
,,,239.68000710E-3,74.000000954E-3,
,,,239.70000446E-3,58.000002056E-3,
,,,239.72000182E-3,70.000000298E-3,
,,,239.73999918E-3,64.000003040E-3,
,,,239.75999653E-3,70.000000298E-3,
,,,239.78000879E-3,65.999999642E-3,
,,,239.80000615E-3,65.999999642E-3,
,,,239.82000351E-3,64.000003040E-3,
,,,239.84000087E-3,64.000003040E-3,
,,,239.85999823E-3,72.000004351E-3,
,,,239.87999558E-3,72.000004351E-3,
,,,239.90000784E-3,72.000004351E-3,
,,,239.92000520E-3,68.000003695E-3,
,,,239.94000256E-3,60.000002384E-3,
,,,239.95999992E-3,74.000000954E-3,
,,,239.97999728E-3,65.999999642E-3,
,,,240.00000954E-3,76.000005007E-3,
,,,240.02000690E-3,62.000002712E-3,
,,,240.04000425E-3,62.000002712E-3,
,,,240.06000161E-3,64.000003040E-3,
,,,240.07999897E-3,70.000000298E-3,
,,,240.09999633E-3,64.000003040E-3,
,,,240.12000859E-3,64.000003040E-3,
,,,240.14000595E-3,68.000003695E-3,
,,,240.16000330E-3,68.000003695E-3,
,,,240.18000066E-3,72.000004351E-3,
,,,240.19999802E-3,64.000003040E-3,
,,,240.21999538E-3,76.000005007E-3,
,,,240.24000764E-3,72.000004351E-3,
,,,240.26000500E-3,70.000000298E-3,
,,,240.28000236E-3,76.000005007E-3,
,,,240.29999971E-3,64.000003040E-3,
,,,240.31999707E-3,72.000004351E-3,
,,,240.34000933E-3,72.000004351E-3,
,,,240.36000669E-3,76.000005007E-3,
,,,240.38000405E-3,62.000002712E-3,
,,,240.40000141E-3,68.000003695E-3,
,,,240.41999876E-3,78.000001609E-3,
,,,240.43999612E-3,74.000000954E-3,
,,,240.46000838E-3,78.000001609E-3,
,,,240.48000574E-3,65.999999642E-3,
,,,240.50000310E-3,70.000000298E-3,
,,,240.52000046E-3,74.000000954E-3,
,,,240.53999782E-3,72.000004351E-3,
,,,240.55999517E-3,82.000002265E-3,
,,,240.58000743E-3,70.000000298E-3,
,,,240.60000479E-3,80.000005662E-3,
,,,240.62000215E-3,72.000004351E-3,
,,,240.63999951E-3,72.000004351E-3,
,,,240.65999687E-3,76.000005007E-3,
,,,240.68000913E-3,65.999999642E-3,
,,,240.70000648E-3,74.000000954E-3,
,,,240.72000384E-3,84.000006318E-3,
,,,240.74000120E-3,78.000001609E-3,
,,,240.75999856E-3,86.000002921E-3,
,,,240.77999592E-3,86.000002921E-3,
,,,240.80000818E-3,82.000002265E-3,
,,,240.82000554E-3,78.000001609E-3,
,,,240.84000289E-3,80.000005662E-3,
,,,240.86000025E-3,80.000005662E-3,
,,,240.87999761E-3,72.000004351E-3,
,,,240.90000987E-3,80.000005662E-3,
,,,240.92000723E-3,86.000002921E-3,
,,,240.94000459E-3,82.000002265E-3,
,,,240.96000195E-3,86.000002921E-3,
,,,240.97999930E-3,76.000005007E-3,
,,,240.99999666E-3,84.000006318E-3,
,,,241.02000892E-3,94.000004232E-3,
,,,241.04000628E-3,80.000005662E-3,
,,,241.06000364E-3,84.000006318E-3,
,,,241.08000100E-3,86.000002921E-3,
,,,241.09999835E-3,90.000003576E-3,
,,,241.11999571E-3,94.000004232E-3,
,,,241.14000797E-3,88.000006974E-3,
,,,241.16000533E-3,90.000003576E-3,
,,,241.18000269E-3,94.000004232E-3,
,,,241.20000005E-3,98.000004888E-3,
,,,241.21999741E-3,96.000000834E-3,
,,,241.24000967E-3,94.000004232E-3,
,,,241.26000702E-3,92.000007629E-3,
,,,241.28000438E-3,96.000000834E-3,
,,,241.30000174E-3,94.000004232E-3,
,,,241.31999910E-3,92.000007629E-3,
,,,241.33999646E-3,90.000003576E-3,
,,,241.36000872E-3,104.0000021E-3,
,,,241.38000607E-3,102.0000055E-3,
,,,241.40000343E-3,92.000007629E-3,
,,,241.42000079E-3,90.000003576E-3,
,,,241.43999815E-3,98.000004888E-3,
,,,241.45999551E-3,100.0000015E-3,
,,,241.48000777E-3,94.000004232E-3,
,,,241.50000513E-3,98.000004888E-3,
,,,241.52000248E-3,92.000007629E-3,
,,,241.53999984E-3,84.000006318E-3,
,,,241.55999720E-3,92.000007629E-3,
,,,241.58000946E-3,92.000007629E-3,
,,,241.60000682E-3,98.000004888E-3,
,,,241.62000418E-3,98.000004888E-3,
,,,241.64000154E-3,98.000004888E-3,
,,,241.65999889E-3,96.000000834E-3,
,,,241.67999625E-3,90.000003576E-3,
,,,241.70000851E-3,90.000003576E-3,
,,,241.72000587E-3,94.000004232E-3,
,,,241.74000323E-3,100.0000015E-3,
,,,241.76000059E-3,94.000004232E-3,
,,,241.77999794E-3,88.000006974E-3,
,,,241.79999530E-3,84.000006318E-3,
,,,241.82000756E-3,98.000004888E-3,
,,,241.84000492E-3,84.000006318E-3,
,,,241.86000228E-3,86.000002921E-3,
,,,241.87999964E-3,82.000002265E-3,
,,,241.89999700E-3,78.000001609E-3,
,,,241.92000926E-3,92.000007629E-3,
,,,241.94000661E-3,92.000007629E-3,
,,,241.96000397E-3,90.000003576E-3,
,,,241.98000133E-3,84.000006318E-3,
,,,241.99999869E-3,86.000002921E-3,
,,,242.01999605E-3,78.000001609E-3,
,,,242.04000831E-3,82.000002265E-3,
,,,242.06000566E-3,80.000005662E-3,
,,,242.08000302E-3,84.000006318E-3,
,,,242.10000038E-3,84.000006318E-3,
,,,242.11999774E-3,92.000007629E-3,
,,,242.13999510E-3,86.000002921E-3,
,,,242.16000736E-3,74.000000954E-3,
,,,242.18000472E-3,80.000005662E-3,
,,,242.20000207E-3,78.000001609E-3,
,,,242.21999943E-3,80.000005662E-3,
,,,242.23999679E-3,78.000001609E-3,
,,,242.26000905E-3,78.000001609E-3,
,,,242.28000641E-3,74.000000954E-3,
,,,242.30000377E-3,65.999999642E-3,
,,,242.32000113E-3,70.000000298E-3,
,,,242.33999848E-3,78.000001609E-3,
,,,242.35999584E-3,68.000003695E-3,
,,,242.38000810E-3,74.000000954E-3,
,,,242.40000546E-3,72.000004351E-3,
,,,242.42000282E-3,72.000004351E-3,
,,,242.44000018E-3,68.000003695E-3,
,,,242.45999753E-3,64.000003040E-3,
,,,242.48000979E-3,65.999999642E-3,
,,,242.50000715E-3,72.000004351E-3,
,,,242.52000451E-3,70.000000298E-3,
,,,242.54000187E-3,64.000003040E-3,
,,,242.55999923E-3,62.000002712E-3,
,,,242.57999659E-3,62.000002712E-3,
,,,242.60000885E-3,56.000001729E-3,
,,,242.62000620E-3,65.999999642E-3,
,,,242.64000356E-3,65.999999642E-3,
,,,242.66000092E-3,58.000002056E-3,
,,,242.67999828E-3,62.000002712E-3,
,,,242.69999564E-3,62.000002712E-3,
,,,242.72000790E-3,62.000002712E-3,
,,,242.74000525E-3,58.000002056E-3,
,,,242.76000261E-3,56.000001729E-3,
,,,242.77999997E-3,56.000001729E-3,
,,,242.79999733E-3,56.000001729E-3,
,,,242.82000959E-3,54.00000140E-3,
,,,242.84000695E-3,62.000002712E-3,
,,,242.86000431E-3,64.000003040E-3,
,,,242.88000166E-3,60.000002384E-3,
,,,242.89999902E-3,50.00000075E-3,
,,,242.91999638E-3,60.000002384E-3,
,,,242.94000864E-3,56.000001729E-3,
,,,242.96000600E-3,56.000001729E-3,
,,,242.98000336E-3,60.000002384E-3,
